lat_c,lon_c,actual,expected
54.869071089,37.2119016465,1.43833348092,1.20515014503
54.8735631392,37.2118696117,1.95804277023,0.726518070766
54.8780364571,37.2040469746,1.79425451798,0.199579442589
54.878055186,37.211837568,1.99525957463,0.311502152728
54.8825092657,37.1962226047,1.23153062033,0.0240377521451
54.8825284973,37.2040140555,1.14298717221,0.0318201600576
54.8963451254,37.4299457342,1.28854623227,0.444385979297
54.9052685804,37.3597666564,1.13396298346,0.938770787816
54.9052773261,37.3675625842,1.37607032461,0.515452124281
54.9097693941,37.3675478371,1.73221171607,0.346220908075
54.9142527102,37.359735423,1.84953591746,0.243328006543
54.9142614588,37.3675330869,2.31139600036,0.323003092349
54.9142697071,37.375330756,1.24760689267,0.25083021549
54.9142774552,37.3831284289,1.66844498902,0.93438471182
54.9142847031,37.3909261054,2.60655603386,2.03950902927
54.9142914506,37.3987237843,1.61426399029,1.44988778289
54.9143086917,37.4221168405,1.76294820526,2.14369888249
54.9143134381,37.429914531,1.39422440344,1.46795457739
54.9143176844,37.4377122246,2.57001749598,1.67414617377
54.9143214304,37.4455099202,1.35247466539,0.852966835178
54.9187355202,37.351921272,1.44503754499,0.179215289543
54.9187447706,37.3597198001,2.26787454385,0.300338105995
54.9187535201,37.3675183327,2.22944303136,0.281087736314
54.9187617698,37.3753168702,1.51740495419,0.281069474664
54.9187695191,37.3831154117,4.28327160615,1.89150333807
54.9187767682,37.3909139567,5.23478322714,2.30479387199
54.9187835169,37.3987125041,1.50691131536,1.23346108367
54.9188007608,37.4221081653,5.2712445828,3.79278253595
54.9188055081,37.4299067247,9.27815025477,4.7061623015
54.918809755,37.4377052869,3.14285766979,4.2124652237
54.9188135016,37.4455038509,1.18461521114,0.99742691988
54.9232178227,37.3441053828,1.00034658873,0.135974551808
54.9232275752,37.3519047762,2.2779501159,0.310413163428
54.9232368271,37.359704173,2.17150919489,0.207396217496
54.9232455786,37.3675035743,1.07969261512,0.354588410083
54.9232615798,37.3831023907,1.29441825263,0.873849384606
54.9232688299,37.3909018045,1.26987861245,0.721272038889
54.9232755798,37.3987012207,1.08906234389,0.500254110794
54.9232818291,37.40650064,2.03132057079,0.500040235436
54.9232975747,37.4298989164,5.13183043487,2.0109031527
54.9233018223,37.4376983473,7.73204317372,3.82489263127
54.9233055694,37.4454977801,5.68283471891,2.92963988646
54.9233088162,37.4532972141,2.49470102826,0.622790177888
54.9277196276,37.3518882756,1.09041952502,0.141369463859
54.9277288802,37.3596885406,1.11216133309,0.160474624438
54.9277676394,37.3986899341,2.26279520636,0.993179530888
54.9277738898,37.4064902225,3.20087402407,1.27713112959
54.9277896379,37.4298911058,1.62555925414,0.824728444183
54.927797634,37.4454917075,1.71513889545,1.06184758041
54.9278008813,37.4532920106,1.40528867067,0.411581506293
54.9322859468,37.4376844622,1.6930434458,0.948201713006
54.9322896952,37.4454856333,1.2864051178,0.947987918618
54.9322979369,37.4688891513,3.77233154433,1.78821821406
54.9367737543,37.4298754782,2.03062528212,0.634378161732
54.936778004,37.4376775168,4.75931563026,2.32636892733
54.9367817531,37.4454795573,1.61236435169,1.47467247995
54.9412437986,37.3986560549,1.49347714266,1.64494270677
54.9412500521,37.4064589526,3.23221146597,0.962165856617
54.941265808,37.4298676611,1.63861115914,0.196408536129
54.9412700585,37.4376705694,2.1326157081,0.488533948031
54.9412738081,37.4454734797,1.14612238137,0.504675231671
55.1434211282,37.4687251309,1.40310017239,2.26055337994
55.143422888,37.4765674351,1.50815616887,1.63571990258
55.1434241431,37.4844097401,1.38422720117,1.77855249926
55.1479107666,37.4608784335,1.33384962621,3.19149964694
55.1479130312,37.4687216177,2.18441052784,2.52977958381
55.1479147912,37.4765648029,2.7361808354,2.19237066857
55.1479160466,37.4844079889,1.06891644195,2.04306771555
55.1523998961,37.453029974,1.2919065023,1.76716230385
55.1524026658,37.4608740382,7.10839722726,8.57558101588
55.1524049308,37.4687181035,2.84429286009,2.60637492839
55.1524066911,37.47656217,1.91252591477,2.67185161835
55.1568945618,37.4608696415,2.31848747082,0.83103445774
55.1568985877,37.4765595361,1.49621585257,3.14532746721
55.1613675531,37.4216361246,1.53362436499,1.45635886438
55.1613723432,37.4294819445,1.34607834404,1.54416475541
55.1658594392,37.4216273159,3.17985235726,2.83693340191
55.16586423,37.4294740177,3.91021765291,2.93634552354
55.1703460257,37.4137709232,1.233157041,0.822104694001
55.170356114,37.4294660887,2.04140949867,2.94205824408
55.2781797795,37.515832798,1.27632211654,0.275282762773
55.3141148852,37.5079711571,1.40373227857,0.682199311713
55.3141141174,37.515847112,1.08037000817,0.649165631666
55.3186058948,37.5158489036,1.56629994762,0.802891193488
55.3545407639,37.5079792766,1.08760059204,0.361674936038
55.354539995,37.5158632537,1.53444289833,0.393266631084
55.3590325114,37.50798018,1.154678459,0.413180688701
55.3590317425,37.5158650498,3.85147432702,1.19897619729
55.3635242562,37.5079810836,1.38706576392,0.569254297402
55.3769956336,37.5316491227,1.11232008528,0.900665387243
55.3769933375,37.5395375647,1.97684530896,1.52967431306
55.3790480433,36.7269792334,1.99469488475,1.7816130627
55.3835393636,36.7268916363,1.73073038014,1.26538897175
55.3835889869,36.7347806743,3.05332179106,1.23216651679
55.388080312,36.7346939465,1.78915996652,0.721127874342
55.4084395036,37.4764108628,1.29446298434,0.329142858742
55.4084407712,37.4843055673,2.75001572163,0.540323760609
55.4084292531,37.5553583535,1.9287321017,0.383943866822
55.4125260711,37.1842736246,1.78976221427,0.640637156804
55.4125461932,37.1921690298,1.1304440049,0.532838423039
55.4129324793,37.4843037868,3.9502602081,0.623417590709
55.4129332375,37.4921993875,4.37261986684,0.709136942627
55.4129334861,37.5000952202,1.35744853113,0.746902492204
55.4129270865,37.5395734411,2.4233387219,0.952506551291
55.417424184,37.4843020058,2.35323800207,1.97895884294
55.4174249424,37.4921985023,2.66242137489,0.977135218174
55.417425191,37.5000952309,2.84349685259,1.35417269384
55.4174241595,37.5158884443,1.27548210343,1.26764665276
55.4174228792,37.5237849403,1.25268264844,0.524895439549
55.4174210892,37.5316814355,4.68143421688,2.88449287869
55.4174187895,37.5395779313,2.89644249867,3.37178145379
55.4202862409,36.868325037,2.4699962331,0.381009866225
55.4219166434,37.492197617,2.86750076198,2.00151290791
55.4219168921,37.5000952418,2.91143269827,1.50454126601
55.4219166311,37.5079928548,2.30904131023,1.61262543474
55.4219158603,37.5158902474,1.65118309038,2.00809640857
55.4219127895,37.5316850309,1.03557840264,0.250005607779
55.4219076798,37.5474798118,2.00779345653,2.33291987213
55.4248181898,36.876150838,1.89883885602,0.440097882121
55.4264085904,37.5000952526,2.11495072356,2.39328752471
55.4264083294,37.507993762,3.68253762728,2.59434818514
55.4264044872,37.5316886273,1.29540474145,1.08677405329
55.4264021868,37.5395869155,1.45926067571,1.94225145028
55.4308992778,37.4842966598,1.18340998581,1.13887308473
55.4309002853,37.5000952634,2.41012309972,1.81989446091
55.4308938806,37.5395914095,1.23541103536,1.69065705239
55.4308877494,37.5553897722,3.55852528991,2.3602331466
55.4308839187,37.563288951,1.93226454587,2.00964605054
55.4335932647,36.8365129585,1.2138941769,0.196220649931
55.4353919765,37.5000952742,1.06361366159,0.483189173894
55.4353827596,37.5474959837,1.48166836392,0.95024809782
55.4353794383,37.5553960612,1.74251871145,1.04216012607
55.4353756071,37.5632961369,2.00534788168,2.01766499972
55.4380415605,36.8285375395,1.12794869082,0.0377579296229
55.438084653,36.8364376198,1.06881125634,0.0749195007039
55.4398744463,37.5475013774,1.72563462943,0.477890352399
55.4398711246,37.555402352,1.12686854254,0.623568206549
55.4398672927,37.5633033248,7.03033609409,1.912305114
55.4377651842,36.2280681988,1.21299328903,0.00827114643902
55.4488667697,37.507998302,2.30438919342,0.254120156106
55.4488659982,37.5159010767,2.36311309671,0.298290481372
55.4533576764,37.5159028834,1.97626940477,0.529590038281
55.457849351,37.5159046906,1.28103145446,1.02983586904
55.471152938,37.2945069207,1.9804925597,0.758301722074
55.4711659544,37.3024141055,3.24178362047,1.32071000544
55.47117846,37.3103212967,2.33939517353,0.873208506682
55.4756445705,37.2944835539,1.31015679555,0.614169376292
55.475657589,37.3023916378,2.81493620721,1.04706125739
55.4756700968,37.310299728,2.36374645075,1.56307104516
55.4758006573,37.563360901,1.92926005805,0.632572883421
55.4846408494,37.3023466833,1.7668777527,2.28016952628
55.4848001023,37.5080055794,1.04655720821,0.370582875458
55.4891194495,37.2944134128,1.77640451696,1.25988967923
55.4891324746,37.3023241966,1.92207149872,2.22600396693
55.4892917542,37.5080064903,1.14578403221,0.363976472988
55.4892909815,37.5159173551,1.20067741543,0.574706611832
55.4892896977,37.5238282193,1.1679750424,0.522003791664
55.4892756137,37.563382527,3.21420151958,2.34732022184
55.4892712638,37.5712933814,1.43001122451,0.849169691013
55.4892664028,37.5792042365,1.80331243936,0.210454334436
55.4936240965,37.3023017034,1.03694352791,0.902732418141
55.4936486173,37.318125088,1.44167440631,0.727902350663
55.4937672595,37.5633897392,1.47728366216,0.405409277075
55.4937629089,37.5713014952,4.75507632516,0.325373695962
55.4937580471,37.579213249,2.22700715161,0.258860983593
55.4982589019,37.5633969534,2.98285667712,1.38446692825
55.4982545506,37.5713096099,3.84446981928,1.90538628919
55.4982496881,37.5792222641,2.09932221644,1.44188653027
55.5026198503,37.3101701886,1.27481925184,0.164867272347
55.5026318593,37.318083685,1.40722790695,0.473266593972
55.5027543819,37.5554906091,1.08775515956,0.458026814959
55.502750541,37.5634041698,4.18516641738,1.39543794998
55.502746189,37.5713177269,3.01901644636,2.60327003392
55.5027413256,37.5792312817,1.48222098123,1.88450608394
55.502735951,37.5871448341,4.67830643052,1.89806550788
55.502730065,37.5950583835,2.29513028671,1.19554335416
55.4985106389,36.0361862903,2.48688248162,0.388703669365
55.5072422756,37.4367794961,1.61997487243,0.294269511395
55.5072460184,37.5554969266,2.36727830473,1.07944055706
55.5072421769,37.5634113881,4.5208320557,1.45172241962
55.5030008131,36.0360196855,1.28499709456,0.869656917999
55.5117376515,37.5555032457,1.71954585546,0.917641013863
55.5117338094,37.5634186085,5.17242071906,2.85711729276
55.5161844015,37.3813513269,1.64772338262,0.717055242161
55.5162293677,37.4446813606,1.11350758812,0.300782163841
55.5162326125,37.5475933022,1.21455478931,0.456240288138
55.5162292814,37.5555095667,1.5880116746,0.579252698965
55.5162254386,37.5634258308,1.9830055813,1.12417395969
55.5206596607,37.3655035324,1.16006704091,0.668588090617
55.5207209943,37.4446750596,3.62617178235,0.6679284247
55.5207243131,37.4525922258,1.21668865933,0.393831876649
55.5207271209,37.460509394,1.06932979974,0.448450765495
55.5241775458,36.9933496261,2.74833630268,0.0731845767009
55.5242100318,37.0012671885,2.20253151078,0.21665953598
55.5252126175,37.4446687568,2.36501471516,0.509315130957
55.5252159374,37.4525868249,1.51657910935,0.589988216648
55.5286689928,36.9932919007,1.59996094229,0.130974079953
55.5287014839,37.0012103641,2.30438836428,0.0589746593691
55.5297144111,37.5238526496,4.66232694074,1.63485750298
55.5342073152,37.5159354905,1.2261817894,2.36961253053
55.5342060294,37.5238553678,1.75605196627,3.17110755237
55.534199101,37.5476149956,1.62797762597,1.41344055875
55.5341826961,37.5792944762,4.02391279761,2.99928468713
55.5386989305,37.5159373068,3.12534429136,4.20788828647
55.5386976444,37.5238580868,2.05421541932,2.57687792208
55.5386935363,37.5396996458,2.78447579272,2.53652036198
55.5386835349,37.5634619733,1.08252108036,0.951182013311
55.5386743072,37.5793035142,3.09207755168,3.4714938866
55.5424996149,37.0881736845,1.10520445117,0.113838839735
55.5431913165,37.5080174403,1.57198331026,1.86895678992
55.5431905423,37.5159391238,2.71685988677,2.60197495934
55.543189256,37.5238608067,3.73883005039,4.39116630654
55.5431874577,37.5317824889,3.79651033078,1.57381050593
55.5431851478,37.5397041715,4.20154774733,2.07586697761
55.5431789909,37.5555475299,1.9254970046,1.62111273591
55.5431751443,37.5634692079,1.32916662849,1.01905215181
55.543165915,37.5793125547,1.14132301814,1.90917916194
55.547680902,37.476327552,1.27019846401,0.276417065269
55.5476829258,37.5080183544,1.01357477254,1.21961274002
55.5476821515,37.5159409411,1.84484921855,1.31185670556
55.5476808649,37.5238635273,1.24130007115,2.43737047867
55.5476767555,37.5397086986,2.44279869748,3.0081940005
55.5476739325,37.5476312817,1.66515896171,4.37242583047
55.5476705975,37.5555538633,2.61376021226,3.59627197388
55.5476667503,37.5634764445,6.88680705842,3.14484194815
55.5476623909,37.5713990224,1.57391890085,0.86730439881
55.5521707205,37.4684013636,1.72481438942,0.266831246577
55.5521725071,37.4763248525,1.58834705883,0.2364664752
55.5521737815,37.4842483422,1.34970764191,0.261652292907
55.5521655365,37.5476367134,2.32975274223,1.61371971758
55.5521622008,37.5555601985,2.14984449911,1.53607656953
55.5566600227,37.4604733674,1.23201776639,0.228269521383
55.5566623219,37.4683977594,1.754545791,0.275222562919
55.5566641088,37.4763221522,1.79818259867,0.272461785082
55.5566653834,37.4842465456,1.74418158798,0.391057428621
55.5566661456,37.4921709394,1.44188118228,0.652835357945
55.560568019,37.1196857072,3.13374394636,0.631301322902
55.5611516204,37.4604688583,1.02701847305,0.183864391051
55.5611269265,37.5872740277,2.10123010089,0.663928928778
55.56562889,37.4287595616,1.10294273144,0.659338282074
55.565623904,37.5793577955,12.3392909381,4.31565861395
55.5656185169,37.5872839853,5.05412732749,2.26462834678
55.5700487814,37.3494806205,1.14188579742,0.798518861722
55.570134806,37.4604598364,1.7183496929,0.726860869959
55.5701371063,37.4683869413,1.23806928417,0.673533589607
55.5701203675,37.571439756,1.66635505655,3.33151122573
55.5701154919,37.5793668514,9.57974110792,6.44609550292
55.5701101038,37.5872939456,3.21432461834,1.65315017979
55.5737408818,37.0323513957,1.27969681467,0.19262988046
55.5746235806,37.4525273153,1.48967920027,0.610367497138
55.5746263941,37.4604553236,1.10828043585,0.634836950813
55.5746286948,37.4683833331,1.30414976252,1.09500536746
55.5746304828,37.4763113432,1.54332706177,1.5682401633
55.5746163169,37.5635199072,1.4793462521,1.49728543912
55.5746070768,37.5793759097,1.50117570075,2.36712104898
55.574589372,37.603159895,1.28050461712,1.19211564438
55.5745824449,37.6110878848,5.76164408145,1.20881265833
55.5745750053,37.6190158695,1.29346972363,0.681404098526
55.5791202799,37.468379724,1.37560205877,1.41294836421
55.5790986583,37.5793849707,1.65241472026,1.49046566837
55.5790809502,37.603171671,1.25619649462,0.94578661339
55.5790740222,37.6111005656,1.93033423059,0.919419828812
55.5836136502,37.4763059341,1.00605674555,0.65249547796
55.5835789418,37.5952536483,2.40547736194,3.59890207602
55.5874920821,37.1114947521,2.00352828249,0.400763485712
55.5880335084,37.365273246,2.25313763716,2.37865862718
55.5919835548,37.1114503825,1.1133474884,0.491618037404
55.5925066161,37.349394675,1.10119458779,0.968073241013
55.5925949652,37.5318224069,2.76549246918,1.08445151451
55.5925926505,37.539754039,4.71120218576,1.35125089745
55.5925898229,37.5476856697,1.63697741105,1.56471486386
55.592562084,37.5952754068,1.38102961176,2.06657879227
55.5925556653,37.60320702,3.16813009759,3.05377957393
55.5925487342,37.6111386298,1.48888570269,1.47619538391
55.596998173,37.3493774717,4.16430815162,1.56490375504
55.5970904035,37.5080284273,1.0000938245,0.785638886602
55.5970865368,37.531826042,5.11790786482,2.12078292764
55.5970842218,37.53975858,1.87619428305,1.56627107655
55.5970813942,37.5476911168,2.27046721165,1.16116265515
55.5970536506,37.59528629,1.18253839028,1.45192655023
55.5970472309,37.6032188092,4.36031313488,3.58800235613
55.5970402981,37.611151325,1.67670118039,2.34412338465
55.6006894512,37.0320308845,1.10837991673,0.292426931009
55.6007194643,37.0399638929,1.68680133609,0.62051366404
55.6013953544,37.2858932417,1.32878702164,0.34774785792
55.6014797265,37.3414268651,2.678185048,2.11556886893
55.6014897271,37.3493602634,14.5336916073,6.30569590885
55.6014992145,37.3572936656,4.07179681718,4.60451399276
55.6015781546,37.468361663,8.22243804153,6.46788855285
55.6015799445,37.4762951069,7.18423644045,7.01419058498
55.6015819724,37.5080293445,8.38004975434,1.03206269858
55.6015811965,37.5159627897,2.57187558296,1.85849188725
55.6015799074,37.5238962343,8.35818737846,3.80206598906
55.6015781051,37.5318296782,4.14515627557,1.94711265375
55.6015757902,37.5397631224,2.61196318061,2.11434812495
55.6015729616,37.5476965654,1.43225899144,1.9658591042
55.6015387927,37.6032306017,5.40793502174,4.26390853728
55.6015318587,37.6111640237,1.33750013498,3.41006493006
55.6016036084,36.4528589677,1.37865604807,0.390412913666
55.6051808682,37.0319774125,3.40401643727,0.781660516151
55.6058727807,37.2779345213,1.319476833,0.348151214756
55.6058868889,37.2858687766,3.90967155322,1.69231471051
55.6059004839,37.2938030387,1.74993180217,0.906904356913
55.6059135656,37.3017373081,1.28837596447,0.456611168917
55.6059712751,37.3414087455,1.15411451763,1.2512354977
55.6060646,37.4524893484,1.03976178661,0.548390958013
55.6060727873,37.4842267494,1.67238673819,1.66473202021
55.6060735509,37.492161101,1.4794031134,1.93740862037
55.6060738013,37.5000956875,1.20240169184,0.727741837916
55.6060735386,37.508030262,5.54273668908,1.76764612467
55.6060727625,37.5159646137,1.79542833388,0.857898649455
55.6060714732,37.5238989649,2.3376938685,2.82027200745
55.6060696706,37.5318333152,5.33709940438,3.1868723133
55.6060673548,37.539767666,5.63614019192,3.73988899383
55.6060611834,37.5556363621,2.97271203252,1.75623190907
55.6060426815,37.5873737291,3.26929406279,1.2864651381
55.6060367729,37.5953080656,1.76180701918,1.75592569983
55.606030351,37.6032423975,1.81140343712,2.71557227922
55.606023416,37.6111767261,5.31935292713,1.83336707768
55.6060159676,37.6191110511,2.11747512653,1.68366803996
55.6103643094,37.2779091416,1.00184960827,0.435132898229
55.6103784201,37.2858443045,1.63755368161,0.777381163458
55.6103920173,37.2937794735,2.67658524233,0.860942876578
55.6105651132,37.4921602051,1.60133160734,1.94993629808
55.6105643247,37.5159664383,1.82604124864,0.610413382684
55.6105630352,37.5239016962,3.17757967589,1.41266127057
55.6105612323,37.5318369534,3.36179876656,3.23501627448
55.6105589161,37.5397722109,55.0370149378,14.1104770883
55.6105560865,37.5477074672,9.01634257077,1.56838921618
55.6105342392,37.5873837147,7.93855058225,4.33548657305
55.6105219067,37.6032541966,5.54056881652,10.1568906548
55.6105149704,37.611189432,16.855220141,10.9437977325
55.6105075208,37.6191246638,2.20443928537,2.54379556725
55.6148412088,37.2699476928,1.30330583605,1.02982209394
55.6148558352,37.2778837557,1.07296566351,0.756052726357
55.6148966335,37.3016919842,2.36839007839,1.04291087089
55.6149092061,37.3096280737,1.8927993946,0.687458574133
55.6150566599,37.5080320979,4.65443501168,7.97510392138
55.6150558836,37.5159682633,3.40322270303,1.66808290439
55.6150527907,37.5318405926,1.36599855503,1.43697329384
55.6150504741,37.5397767572,6.21887347902,3.06015167641
55.615047644,37.5477129205,6.18983774241,1.27720541019
55.6150443006,37.5556490809,1.2726498198,0.363587682675
55.6150311902,37.5794575501,2.40752709206,2.01802209688
55.6150257931,37.5873937032,15.5936210974,5.97792277377
55.6150198825,37.5953298534,1.37528342508,1.85935842063
55.6150134585,37.6032659991,4.50763059962,5.76951663383
55.615006521,37.6112021416,2.83189121272,2.52095812154
55.6184304903,36.9762608978,1.20657019965,0.420182118216
55.6184641175,36.9841974216,1.20235737275,0.57681539466
55.618561918,37.0080070939,1.16581852794,0.0081499141237
55.6193327285,37.2699213925,1.95988906084,0.947113890629
55.6193881627,37.3016693129,1.33747870395,0.567963772321
55.6194908021,37.3810395272,1.1861632538,0.259612555948
55.6194982418,37.3889765734,2.05456956483,0.375283549916
55.619505168,37.3969136232,1.43911682949,0.277116511423
55.6195443958,37.4683471959,17.1863785952,3.31104420023
55.6195461869,37.4762842674,15.177788109,2.98985808434
55.6195474645,37.4842213398,2.09084305375,1.60730846096
55.6195482162,37.5080330162,4.21662926918,5.45134968415
55.6195474398,37.5159700889,1.64855043947,1.02353576264
55.6195227417,37.5794666341,1.10890284571,0.743056524647
55.6195173436,37.5874036945,5.11450876601,2.4821245571
55.619511432,37.595340752,2.15955590975,3.94502325024
55.6195050069,37.603277805,7.93551530489,4.14821339685
55.6194980684,37.6112148547,6.13148610179,1.8014704801
55.6194906162,37.6191519027,2.16976408937,0.693150763419
55.6238796883,37.3016466353,4.05883626806,1.3512252544
55.6238922652,37.3095845396,2.31390669951,0.83986826315
55.6239897864,37.3889638786,1.38051272525,0.203921742883
55.6239967138,37.3969018359,1.65320678015,0.334215707685
55.6240031275,37.404839798,1.07578155049,0.259677476352
55.6240359476,37.4683435766,13.5835922298,3.04409165394
55.624037739,37.4762815557,3.4965653824,1.45128490258
55.6240390168,37.4842195355,1.6804998787,1.44255970181
55.6240397686,37.5080339347,1.84895614356,1.13128785091
55.624038992,37.5159719151,1.04012878286,0.671691816499
55.6240088914,37.5874136885,7.65182168535,4.79521376374
55.6239965527,37.6032896142,1.7623841024,3.90323643593
55.6239896129,37.6112275714,4.8275707378,3.20141546339
55.6239821596,37.619165527,2.52739751624,1.98613986348
55.6283712106,37.3016239511,1.73383780837,0.717152306109
55.6284946705,37.4048289152,1.01747832897,0.269992923389
55.6285108329,37.4286455394,7.60987326622,2.05157373341
55.628515193,37.4365844186,1.033805395,1.37307066553
55.6285190389,37.4445232999,1.12565126471,0.802394902483
55.6285292877,37.4762788431,2.39920901002,2.39920901002
55.6285305657,37.4842177307,4.28586337925,4.13667890107
55.6285305409,37.5159737418,3.50408012704,3.13840843768
55.6285274465,37.5318515162,1.12245173673,0.486644821744
55.6284945217,37.5953625583,1.9737284694,1.8375770385
55.6284880946,37.6033014266,2.09892506016,3.1782988911
55.6284736991,37.619179155,1.45655735406,1.51987703448
55.6326904309,37.2142648185,1.72912997152,0.890899821057
55.6329305098,37.3492396684,4.06982743136,1.02530174031
55.6329400084,37.3571794215,1.27996860539,0.639820503341
55.6329921122,37.4127578094,1.54900564535,0.355212191934
55.6329975006,37.4206975918,2.21458175329,0.318167193889
55.633006736,37.436577165,2.58429440392,4.21791818379
55.6330105831,37.4445169543,3.99126502317,2.19919569305
55.6330221119,37.4842159255,1.03611991451,1.20693543204
55.633022864,37.5080357726,1.8851717608,1.40549262404
55.6330220872,37.5159755689,7.58303302211,4.56821528962
55.6330207965,37.523915366,4.27320160067,6.39536622091
55.6330189921,37.5318551595,3.35713359054,1.09222628989
55.633016674,37.5397949548,1.19857717292,1.31676818944
55.6329860614,37.5953734661,3.79735714789,2.69669726837
55.6329796331,37.6033132425,5.55063452648,6.12019100355
55.632972691,37.6112530156,1.26639513271,0.683274820156
55.6366206902,37.0316026909,1.07017823053,0.802189767794
55.6371819182,37.2142321305,1.47227946089,1.06595136307
55.6374120235,37.3412817651,2.18305840717,2.44973899069
55.6374220368,37.3492224213,5.01353058897,3.33407819723
55.6374315369,37.3571630822,2.28490572261,3.97711326524
55.6374489956,37.3730444187,4.31590067463,1.04168198235
55.6374643988,37.3889257726,1.5333387242,0.769474002703
55.6375021238,37.4445106069,1.13365166609,0.355869250078
55.6375144065,37.508036692,2.03534553909,2.7276798259
55.6375136294,37.5159773965,3.23730076032,2.20372278506
55.6375123389,37.523918102,1.95119657459,3.61499979688
55.6375105343,37.5318588052,3.69992072099,3.18913268732
55.6375082157,37.5397995074,1.58761040512,1.83585331349
55.637477598,37.5953843769,2.65879030854,1.7541676218
55.6374711685,37.6033250617,6.56875133928,4.4226810233
55.6374642254,37.6112657431,2.78445123231,2.16752426286
55.6374567682,37.6192064228,1.77501371528,1.12915818884
55.6418704152,37.31743894,1.3273971137,1.09599182594
55.6418819727,37.3253804889,1.74178657241,1.46992148468
55.6419035457,37.3412636046,5.91526757505,5.4696731819
55.6419135614,37.3492051692,4.830945822,3.50631185408
55.6419230625,37.3571467388,4.36885038989,2.93610649081
55.6419405241,37.3730298925,1.44665631268,0.939255162887
55.64196928,37.4047962484,1.3508369199,1.32979775378
55.6419751841,37.4127378439,1.27872824808,0.95466605969
55.6420021226,37.4683290891,1.19631206454,0.636500933691
55.6420039152,37.4762707009,4.02859285194,4.33157455587
55.6420051938,37.4842123135,1.36491068295,1.19094193527
55.6420059582,37.4921539266,1.2472744147,0.784785963932
55.6420059459,37.5080376116,4.67516792952,1.55997735071
55.642005169,37.5159792247,1.05198009554,0.31643230878
55.642003878,37.5239208388,4.03138014853,4.39137311034
55.642002073,37.5318624506,7.77950150899,3.90818920807
55.6419997541,37.5398040614,1.787514791,1.17377225637
55.641985339,37.5715704925,1.39974832114,0.624004345404
55.6419691312,37.5953952908,2.26263338179,2.0278278495
55.6419627008,37.6033368841,4.0841711312,3.37215962054
55.6419557564,37.6112784742,1.38770924484,1.18402770106
55.6419482981,37.6192200625,1.2608282337,1.6392606993
55.6463619284,37.3174180478,1.13933896139,1.01656682971
55.6463734877,37.3253605052,1.65215279289,1.6890265052
55.6463845331,37.3333029696,1.53939590775,1.23201697383
55.6464050817,37.3491879124,2.45438723956,1.91017787042
55.6464320496,37.373015362,1.05141757723,0.49853493673
55.6464400107,37.3809578544,3.1025124681,0.728589999743
55.646447458,37.3889003507,1.41363481359,0.477799659064
55.6464608102,37.4047853518,4.92600890258,3.87706268462
55.6464967296,37.4842105068,1.33378482282,1.00957995565
55.6464974944,37.4921530287,1.93946813909,1.9620121114
55.646497482,37.5080385314,2.49425284486,1.5318660491
55.6464967048,37.5159810534,12.5669581093,3.05658508387
55.6464954135,37.5239235762,4.29553432923,4.89495298507
55.6464936082,37.531866097,4.58294708938,4.07065594888
55.6464912889,37.5398086166,1.47831241507,1.16709015995
55.646476872,37.571578683,3.03105010041,0.772564034055
55.646466579,37.5874637012,2.33241906775,1.01040848351
55.6464606615,37.5954062079,1.56476215252,3.09284933101
55.6464542299,37.60334871,6.6395302953,3.24097935364
55.6464472844,37.6112912088,1.00961773874,2.01945623715
55.6464398248,37.619233706,1.97855310005,2.8704093667
55.6507581152,37.2617937614,2.79297830716,1.04845952246
55.6509315337,37.380944229,4.66294855377,1.20705894253
55.6509389821,37.3888876343,4.84099104122,1.62196441311
55.6509459165,37.3968310423,2.58188354524,4.97262286604
55.6509523367,37.4047744536,1.80608530579,3.49424170143
55.6509882619,37.4842086995,5.51024938465,3.26610058276
55.6509890145,37.5080394516,4.64604796094,1.94632374654
55.6509882372,37.5159828826,2.66734923591,1.09418969335
55.6509869457,37.5239263146,1.70194979931,2.00613814631
55.6509851401,37.5318697443,4.09252101907,2.79655947612
55.6509727772,37.5636434519,1.16136884608,1.18271970018
55.650968401,37.5715868759,1.69915071297,1.33733440756
55.6509521879,37.595417128,5.26432238057,3.95373774954
55.6509457553,37.6033605393,4.15858990261,3.12997871118
55.6509388085,37.6113039472,3.90784614854,3.26890801986
55.6509313477,37.6192473533,2.1399933707,2.38881338861
55.6554230533,37.3809305997,4.05129452207,4.19538461781
55.6554438598,37.4047635524,2.69340009676,3.6360875229
55.6554497669,37.4127078766,1.5524976986,2.19539259895
55.6554767189,37.4683182126,1.32274746107,1.07646103151
55.6554785123,37.4762625518,1.70960946496,2.41229307718
55.6554797916,37.4842068916,2.39978556549,1.92422562186
55.6554805567,37.492151232,1.33632180963,1.08357193487
55.6554808076,37.500095808,4.34168925941,0.833648975252
55.6554805443,37.508040372,3.08721742609,1.13015430046
55.6554797668,37.5159847124,1.02021514944,0.14477692483
55.6554784751,37.5239290537,4.23057122665,2.38487136157
55.6554766692,37.5318733928,2.24235998158,2.52261478788
55.6554743491,37.5398177308,5.10777384502,1.55960012785
55.6554715149,37.5477620691,7.82772418542,0.564312084863
55.6554681664,37.5557064043,2.43728747697,2.78279622192
55.6554643037,37.5636507377,1.95721453059,1.46718857254
55.6554599268,37.571595071,3.04135337606,2.64496777575
55.6554550357,37.5795394016,4.6915754913,4.33778085707
55.6554496304,37.5874837261,1.95883455105,2.317940364
55.6554437109,37.5954280512,2.27793168647,2.964320586
55.6554372773,37.6033723718,2.7440345895,5.81915513996
55.6554303294,37.611316689,6.39522484197,7.61794295375
55.6596205388,37.2061234711,1.41054813166,0.728430519282
55.6598796236,37.3491361125,1.0532502086,0.701514041865
55.6599353801,37.404752648,1.06476015705,1.78505807443
55.6599682447,37.4683145851,3.30637914338,1.93149930882
55.6599700385,37.4762598338,4.18076086254,2.20037144303
55.659971318,37.4842050834,4.09812651405,2.74951565145
55.6599723341,37.500095819,3.38044250607,0.621443346573
55.6599712931,37.5159865426,4.22232628534,1.02511130423
55.6599700013,37.5239317935,8.42902840836,2.88564466942
55.659968195,37.5318770422,4.28472942443,1.47147748745
55.6599658746,37.5398222899,3.48222457305,0.516127002834
55.6599630398,37.5477675377,3.34528000734,0.924961084424
55.6599596908,37.5557127826,2.87008619939,2.57527872284
55.6599558274,37.5636580256,1.23310390066,1.69749683524
55.6599514498,37.5716032685,3.10155815221,3.4116967795
55.6599465579,37.5795485087,4.1208703815,3.6715972614
55.6599287965,37.6033842076,3.24685570103,3.39293554444
55.6599218474,37.6113294344,2.28742178769,1.54623444017
55.6599143841,37.6192746596,1.31109945004,1.89288675584
55.664276538,37.2855500985,1.0914730033,0.519147010256
55.6644574588,37.4603647986,3.64425724543,1.89733348939
55.6644597672,37.4683109565,7.14163115381,3.26969327788
55.6644615613,37.4762571152,1.13140396862,0.260258439624
55.664462841,37.4842032745,9.92516211981,7.75354726228
55.6644636064,37.4921494343,2.61858713932,1.32753997821
55.6644638573,37.5000958299,1.24721033893,1.15974776517
55.6644628162,37.5159883733,2.66143203484,4.20638892654
55.664461524,37.5239345342,4.53277053295,3.61472842254
55.6644512119,37.5557191626,2.15069824221,0.800692884981
55.6644473479,37.5636653155,3.59208832285,2.49149395878
55.6644429698,37.5716114683,1.07917356385,1.64157187747
55.6644380771,37.5795576182,1.11306072486,1.83661564013
55.6644203127,37.6033960469,2.9971867264,1.38449157077
55.6644133624,37.6113421836,3.27271689364,2.35152820826
55.6644058979,37.6192883186,4.5368164174,3.2163369474
55.6687240602,37.2616846377,1.04296015317,0.393253746949
55.6687392303,37.2696315971,1.31103169695,0.901640737407
55.668753886,37.2775785629,1.77595117429,0.78493700578
55.6687680273,37.2855255365,1.57899001865,1.10529246907
55.6687816542,37.2934725166,1.36729830915,1.20625683129
55.6689389648,37.4365190622,2.99023621171,0.871507690794
55.6689461545,37.452413191,1.26282932364,2.54386313962
55.6689489778,37.4603602589,2.45675066912,1.32712615813
55.6689512867,37.468307327,1.36079476934,0.374564077811
55.668954361,37.4842014652,1.40040272729,0.866977917265
55.6689551265,37.4921485352,1.97119266465,1.23816967605
55.6689553775,37.5000958409,4.61874956116,2.81920920189
55.6689551141,37.5080431347,1.40511969898,2.01223668178
55.6689543362,37.5159902046,3.66457076143,3.1154520181
55.6689489158,37.5398314119,1.08589987489,1.56384553586
55.6689460801,37.5477784797,3.20793718331,1.71950896207
55.6689427299,37.5557255445,68.6276104836,38.5052967841
55.6689388656,37.5636726075,2.99177172202,1.62097714451
55.6689344865,37.5716196704,1.03618669029,1.05042796176
55.668929593,37.5795667305,3.93614445468,4.8513680287
55.668924185,37.5875137861,2.68042230504,3.6623777435
55.6688974084,37.6193019814,2.59024537071,3.51010760758
55.673215538,37.2616573377,1.47714011165,1.01537711556
55.6732307108,37.2696052074,4.22157441495,1.26365440289
55.6732453689,37.2775530836,3.58855839081,2.30891668016
55.6732595126,37.285500967,3.50817369952,2.00471284167
55.6732731417,37.293448858,1.96472038472,0.574070003642
55.6734304781,37.43651179,1.14428439376,0.23070405349
55.673434331,37.4444597634,1.22957808098,2.85837630665
55.6734404931,37.4603557169,4.4579912236,2.35709642089
55.673444597,37.4762516755,1.07350935299,0.539862017099
55.6734458772,37.4841996553,8.32869031204,2.86465141384
55.6734466427,37.4921476357,2.02926765223,1.17163074685
55.6734468938,37.5000958519,3.38639405314,4.59936902427
55.6734466303,37.5080440561,3.38321427233,1.83467583094
55.6734458523,37.5159920365,5.30013835937,2.28954965286
55.6734445598,37.5239400177,3.2975818441,3.32808280011
55.6734427527,37.5318879968,3.55155952188,2.67209833591
55.6734375948,37.547783953,4.3844202329,3.10802886317
55.6734342441,37.5557319282,1.80103394892,3.12491784323
55.6734303789,37.5636799016,5.07382768995,2.24238687637
55.6734211047,37.5795758453,2.92595807928,1.57032765429
55.6733963818,37.6113676925,1.09609575992,1.58834206056
55.6733889147,37.619315648,1.32026935774,1.08239760082
55.6776913227,37.2536812574,2.09681330696,1.59955319606
55.6777070117,37.26163003,1.45617745135,0.716158075623
55.677722187,37.2695788094,2.00399061136,1.11203058691
55.6777509937,37.2854763912,1.33807016403,0.800287628658
55.6777646251,37.2934251927,3.21868598134,0.976769322426
55.6777777419,37.3013740008,1.21700281806,0.71337449601
55.6779219886,37.4365045159,4.67885999188,0.453954175596
55.6779258422,37.4444533999,1.23818704343,1.22802685423
55.677929181,37.4524022857,2.11800954991,4.85885876414
55.6779343149,37.4683000648,3.43778398634,1.37892577797
55.6779361099,37.4762489545,6.70782022727,0.75458086715
55.6779373902,37.484197845,5.1563111181,1.50013816335
55.677938156,37.492146736,3.95707743221,2.37438890731
55.6779384071,37.5000958628,8.05767695921,3.52365184194
55.6779381435,37.5080449778,6.29922001961,4.465823922
55.6779360727,37.5239427607,1.77461570463,2.25726775344
55.6779342652,37.5318916504,6.95574704333,2.97324318981
55.6779319432,37.5398405391,1.22646292206,1.04527833835
55.6779291066,37.5477894278,1.38721082391,2.25071225857
55.6779257553,37.5557383137,3.03731619559,3.26001984789
55.6779218894,37.5636871977,6.91518322255,4.99194045036
55.6779126137,37.5795849627,3.16127776738,2.48238912368
55.6779072038,37.5875338392,2.66971063137,0.281444845232
55.6779012794,37.5954827135,1.18286011336,2.02845412445
55.6778878865,37.6113804524,1.47516892193,1.13975114153
55.682182791,37.2536530311,3.45511579094,1.73808588242
55.6821984835,37.2616027137,3.1976769997,2.70506972159
55.6822136605,37.2695524048,1.26631188535,0.704133833838
55.682242472,37.2854518083,4.63443072085,2.08047396225
55.6822561057,37.2934015207,4.19845495236,1.80724883988
55.6822692247,37.3013512397,3.68273993868,2.28147706032
55.6824289,37.4841960342,5.72207738866,2.06830440578
55.6824296659,37.492145836,1.32134857446,1.90659546889
55.682429917,37.5000958739,1.68426344767,0.802066395674
55.6824296535,37.5080458997,1.67114446384,0.700494726322
55.6824288752,37.5159957016,1.86333748183,1.48943197202
55.6824275822,37.5239455044,3.90881326609,2.97924496631
55.6824257745,37.531895305,2.55384068323,0.847640269437
55.6824234522,37.5398451045,2.70634230341,2.69183980989
55.682420615,37.5477949043,4.79509800833,3.87394715059
55.6824172631,37.555744701,4.02221372484,2.58613386016
55.6824133966,37.5636944959,5.56565032914,3.16113357431
55.6824090153,37.5716442906,3.59588730624,4.50926686538
55.6824041193,37.5795940826,4.21610692544,3.36485382823
55.6823987085,37.5875438701,2.99948364739,2.37821466939
55.6823927831,37.5954936552,3.16288115228,2.54568579508
55.6823793881,37.6113932178,1.07168681603,0.88598027599
55.6823719185,37.6193429929,5.97724888747,2.03885302009
55.6866742552,37.253624797,1.29455976636,0.628294951176
55.6866899504,37.2615753905,1.85308097657,0.891091729288
55.6867051307,37.2695259928,1.7865283231,0.473279995864
55.6867339471,37.2854272185,1.63902567514,1.11940663647
55.686747583,37.293377842,10.6248467431,2.528721803
55.6867607042,37.3013284721,8.94655861713,4.52073672988
55.6869150195,37.4603420863,1.09195219624,0.192375901677
55.6869173299,37.4682927985,1.01450686419,0.782168077867
55.6869204063,37.4841942227,1.7177738814,1.46545415758
55.6869211723,37.4921449358,1.70881294144,1.82639665074
55.6869203814,37.5159975349,1.29575982188,0.651006700282
55.6869190882,37.5239482489,3.79367880936,2.28556643164
55.6869172802,37.5318989606,2.7479537475,1.69650627732
55.6869149574,37.5398496714,6.77368592962,2.84983913568
55.6869121198,37.5478003822,6.27076786275,1.39638036822
55.6869087674,37.5557510901,1.22385362975,1.47797450249
55.6869049002,37.5637017961,1.231629359,1.31359848079
55.6869005181,37.5716525021,3.09157307742,6.70455746526
55.6868956214,37.5796032052,1.98038970469,2.36419551389
55.6868842833,37.5955046,3.22400227285,4.62500217819
55.6912390573,37.2933541566,1.84060357952,0.454228042413
55.6912521798,37.3013056981,2.71843424248,1.19756973064
55.6914036961,37.4523859179,1.08310898637,1.26163071424
55.6914065218,37.4603375402,1.13274514697,1.33588073314
55.6914088326,37.4682891638,1.61727830535,1.24101863985
55.6914126756,37.4921440353,1.55281112561,2.33166350262
55.6914105912,37.5239509942,1.17545647608,1.17331630051
55.6914087829,37.5319026173,3.93457709232,4.77422952894
55.6914064597,37.5398542394,2.18516447368,2.95139948161
55.6914036216,37.5478058617,5.54894806472,2.55503355075
55.6914002686,37.555757481,3.32463331202,5.02776037619
55.6913964008,37.5637090984,3.62536690142,2.41107348258
55.6913871204,37.5796123303,5.28802681086,3.18801044216
55.6913693381,37.6034671545,2.5104520845,5.33087034259
55.6913549088,37.6193703532,4.85071755796,1.64637011214
55.6957305282,37.2933304645,1.591787368,0.520356957047
55.6957910056,37.333092792,1.07930948013,0.849779552303
55.6958609923,37.3967127849,1.52469183058,0.508230610192
55.6958674233,37.4046653023,1.41309566291,0.473190027583
55.6958787403,37.4205703443,1.07487110141,1.0
55.6958951938,37.4523804588,1.40124500356,0.680675820482
55.69589802,37.4603329928,1.13529187763,0.760938733515
55.6959003311,37.468285528,1.12692895242,0.287007654417
55.6959041748,37.4921431345,3.99162345196,1.54497635227
55.695904426,37.5000959068,2.38737201782,3.15069437044
55.6959041623,37.5080486671,1.55483097283,1.74850658352
55.6959033836,37.5160012032,1.43451823285,1.43451823285
55.6958951193,37.5478113428,6.04074120768,2.0527879466
55.6958917666,37.5557638737,1.81697969448,3.46439476246
55.6958878981,37.5637164028,2.13327894587,1.51431681902
55.6958835146,37.5716689318,3.54173632132,0.79403034997
55.6958732027,37.5875739797,4.2349573723,1.1242233789
55.6958672742,37.595526499,3.92942935235,0.958097141022
55.6958608309,37.6034790171,2.47136124559,0.795363082996
55.6958463991,37.6193840392,3.67766853105,1.53625172306
55.7003524815,37.3967009409,3.45622130282,0.25190657138
55.7003589136,37.4046543701,1.1720832959,0.380564210368
55.7003956712,37.4921422335,1.9240491128,1.80026848106
55.7003959225,37.5000959178,2.84786942792,3.48625463363
55.7003894532,37.5398633795,1.63170875255,0.921370401791
55.700383261,37.5557702682,1.91358772397,1.33035222366
55.7003793918,37.5637237092,2.23019224527,0.710166420448
55.7003750076,37.5716771502,1.8752708215,1.39459605507
55.7003701082,37.5796305882,7.16317139951,2.21034286352
55.7003646939,37.5875840218,2.77008751962,0.782940760499
55.7003587645,37.595537453,1.37689806785,0.375158414146
55.7003523201,37.6034908832,1.56257963738,0.249781194486
55.7003378859,37.6193977291,4.13094999188,2.53762006508
55.7048130827,37.3648717662,1.12983562512,0.481888342161
55.7048503998,37.4046434349,1.2549111697,0.400069982903
55.7048781803,37.452369536,2.00630299361,2.14770999688
55.7048810074,37.4603238941,1.9026832974,2.62195669346
55.7048851161,37.4762326125,1.67024851551,1.09690550529
55.7048871519,37.5080505133,4.52863979506,4.51564144026
55.7048863729,37.5160048735,4.16746536918,2.68816400976
55.7048708814,37.5637310178,2.02377016048,0.655849676271
55.7048664964,37.5716853708,3.89138980645,3.24160370929
55.7048615962,37.5796397211,3.71226514567,2.74384038995
55.7048561811,37.5875940669,7.77556289002,3.60506140307
55.7048502506,37.5955484103,1.88983507224,2.68030346707
55.7048438051,37.6035027525,1.64435927897,1.1048390335
55.7048293686,37.6194114243,1.24032523017,3.09733546306
55.7093418836,37.4046324966,3.29389117283,1.91786343176
55.7093663261,37.4444088048,3.22303770984,1.07511782184
55.709369669,37.4523640724,1.23925450369,1.01463957374
55.7093724965,37.4603193428,1.88009824118,1.02110808854
55.7093786419,37.5080514368,2.88382871784,1.94094837177
55.709357983,37.5716935939,1.89554080309,0.825487562903
55.7093530821,37.5796488566,5.19996755197,3.30424793179
55.709347666,37.5876041147,2.64626880822,3.95338572011
55.7093417345,37.5955593706,2.96698690219,5.28709842791
55.7093352879,37.6035146253,2.87424556584,2.88020035051
55.7093283261,37.6114698761,2.41962149291,2.91519196426
55.709320849,37.6194251218,10.276173747,9.98185178989
55.7136538833,37.2693673628,1.04545546245,0.229369314577
55.7138125133,37.3807530666,4.27485534092,2.04211715226
55.7138199793,37.3887092257,3.94701666937,1.58232863393
55.7138269298,37.3966653888,1.00666562541,2.18388944349
55.7138392842,37.4125777238,1.83897163855,2.02254946725
55.7138446889,37.4205338957,1.29832369291,1.33906334118
55.7138578109,37.4444024269,2.85688161275,1.08828934594
55.713866295,37.4682709749,2.79355833634,1.16927488744
55.7138680923,37.4762271589,1.25635111683,1.33645711903
55.7138703926,37.5000959509,1.00845167237,0.309992533391
55.7138701288,37.5080523606,1.86579828511,1.57373505168
55.7138693496,37.516008546,1.94204026336,1.46820805799
55.713868055,37.5239647322,2.30777802446,1.21176483783
55.7138494664,37.5717018192,1.04624273792,0.702034578306
55.7138445646,37.5796579946,1.94491183026,1.53800696619
55.7138267683,37.6035265014,1.97230055283,1.94449733777
55.7138198052,37.6114826649,2.62524498485,2.47172381756
55.7138123269,37.6194388234,1.16352900726,1.9646089101
55.7182960043,37.3727823152,1.73749918476,0.622187498172
55.718311454,37.3886964547,4.07572189043,1.03196539176
55.7183248422,37.4046106107,3.41742880042,2.56397627517
55.7183307623,37.4125676923,3.3149326953,3.48531696534
55.7183361678,37.4205247771,4.69851482328,3.44570950851
55.7183410579,37.4284818646,5.43252656431,2.41365068614
55.7183454327,37.4364389549,3.08112750232,1.88656604618
55.718349292,37.4443960472,2.61370073175,2.04692280344
55.718352636,37.4523531403,1.85422028884,1.62781027889
55.7183577775,37.468267334,1.51592441503,1.04504698967
55.7183616119,37.5080532846,1.89574616582,0.969047353178
55.7183595379,37.5239674821,1.68395700293,1.53024258562
55.718349205,37.5557958644,1.9617165568,0.839755672099
55.7183409461,37.5717100469,3.90322108008,2.13006018162
55.7183360435,37.5796671352,1.12942377417,1.71494920809
55.718324693,37.5955813005,3.63334249584,1.35470858785
55.7183182442,37.6035383808,2.60782373432,3.10201804544
55.71831128,37.6114954573,4.00100582947,3.95416435978
55.7183038004,37.6194525287,2.1895744995,1.73789113474
55.7228098779,37.3966416705,3.63732294248,1.96802019598
55.7228163154,37.4045996632,3.96717942826,1.72037152557
55.7228222373,37.4125576579,2.4925997627,2.69597958934
55.7228276437,37.4205156559,2.31536203774,4.80714640344
55.7228325347,37.4284736566,1.19430795244,0.87865651035
55.7228369101,37.4364316601,4.60812159028,2.81132988832
55.7228407701,37.4443896657,4.82483087278,3.94646365568
55.7228441146,37.452347672,4.97057547673,2.06308754563
55.7228469436,37.4603056814,3.48995349983,2.6074226948
55.7228492571,37.4682636921,1.76913396971,2.04967586037
55.722853356,37.5000959729,1.12333553607,0.411149551295
55.7228368107,37.5637602724,2.17156886175,4.54007552245
55.7228324228,37.5717182768,6.51215815799,2.22263210747
55.7228275194,37.5796762784,5.45173637827,2.77101794009
55.7228221005,37.5876342755,1.21091868857,1.05562387923
55.7228097162,37.6035502636,1.52348378846,2.31852119005
55.72279527,37.6194662379,1.32001502283,3.89608352807
55.7273013475,37.3966298064,2.46129358392,1.31522601498
55.727313709,37.4125476207,1.07512361977,3.01416967043
55.7273191164,37.4205065322,1.22901437955,0.805818334545
55.7273240081,37.4284654464,1.39054011844,1.5881602336
55.7273283843,37.4364243633,2.69638037391,2.35985278969
55.7273322449,37.4443832823,2.04543802121,2.03242143328
55.72733559,37.4523422022,2.26801350406,2.9937303829
55.7273384194,37.460301125,2.66784802029,3.4927454733
55.7273438143,37.4841778973,1.9465674498,0.452729465304
55.727344833,37.5000959839,1.28153292397,0.603811828686
55.727344569,37.5080551335,1.58667533795,1.00056658871
55.7273383572,37.5398908322,1.25874809149,0.395929722977
55.7273321579,37.5558086753,2.79898180283,1.27920704603
55.7273282848,37.5637675933,3.74416290841,3.89952093527
55.7273238961,37.5717265091,1.9628632473,0.651178893941
55.7273189919,37.5796854242,1.76590240875,3.71163321014
55.7273135722,37.5876443347,1.49201257273,1.31649792208
55.7273011859,37.6035621498,1.64084911804,1.20434123466
55.7272942194,37.611521053,12.0739214634,6.67552086967
55.7272867373,37.619479951,5.11399695638,2.70617086782
55.7317618986,37.3647786967,1.33094783213,0.319130240171
55.7317704009,37.3727385016,3.46881499994,0.199756896903
55.7318051771,37.4125375806,2.40302472114,3.51111117748
55.7318105853,37.4204974058,1.92005256402,1.42562546859
55.7318154779,37.4284572333,1.14658622271,1.6697659985
55.7318198549,37.4364170644,5.14370983778,3.72017420403
55.7318237161,37.4443768972,3.27225462326,2.07219817292
55.7318270618,37.4523367307,4.46443582394,4.02033406865
55.7318298917,37.4602965673,4.15471096112,3.85892235142
55.7318322059,37.4682564051,4.563425455,3.97253752712
55.7318352874,37.4841760808,1.58726979333,2.25071292892
55.7318360547,37.4921359195,5.84119078743,1.4412250644
55.7318363063,37.5000959949,2.51498577598,0.922972129742
55.7318360423,37.5080560583,1.64098801194,1.0047449827
55.7318339672,37.5239757367,1.7865878315,1.0595121356
55.7318321561,37.5319355755,1.78101763828,1.35378816746
55.731826987,37.547855247,2.89247068468,0.453464532418
55.731815366,37.5717347438,3.14802125799,1.51310588669
55.731810461,37.5796945726,2.07143452486,1.81482945273
55.7318050403,37.5876543968,4.32583880323,3.52886127245
55.7317926519,37.6035740394,2.59279064928,0.419896901302
55.7317856842,37.6115338562,7.97353774871,3.67938582719
55.7317782009,37.619493668,2.55606993836,4.11870600314
55.7362907173,37.4045668008,2.71508330082,2.58922447642
55.7362966422,37.4125275377,14.6165591693,7.8621771478
55.7363020514,37.4204882765,2.95214506123,1.48615248687
55.7363113224,37.4364097635,1.49385041524,1.69288446357
55.7363151843,37.4443705102,1.51014750856,1.21760805667
55.7363185304,37.4523312578,1.19825107931,0.582164474667
55.7363213609,37.4602920083,1.06683050656,1.77236715186
55.7363236755,37.4682527601,1.77448272741,2.14714849172
55.7363254744,37.4762135116,1.34211400898,1.96614673508
55.7363267576,37.4841742637,3.69252916841,3.26797146627
55.7363275249,37.4921350165,2.24092195364,2.48928211957
55.7363277766,37.5000960059,1.44123813351,1.97931174332
55.7363275125,37.5080569834,1.05211861378,0.95331387781
55.7363254371,37.5239784897,4.01716403379,3.46714928062
55.7363236257,37.5319392426,3.31750853133,2.00196913712
55.7363068328,37.5717429808,2.55640805249,1.59413321052
55.7363019269,37.5797037235,2.76592850142,2.4105141257
55.7362965053,37.5876644618,2.78671947921,3.11258766466
55.736290568,37.5956251976,4.95866918749,3.29362117926
55.7362841149,37.6035859323,2.52769005977,0.834944242013
55.736277146,37.6115466632,1.61303961256,1.9990027276
55.7362696615,37.6195073889,6.76351439531,4.41472226156
55.7405385781,37.2373622891,1.26385967126,0.0934930552931
55.7407821781,37.4045558409,3.35064911998,2.6907400225
55.740788104,37.4125174919,10.6643032187,4.20777825244
55.740793514,37.420479145,2.87033710437,1.754014954
55.7407984083,37.4284408011,2.61943003624,0.986637363542
55.7408027866,37.4364024604,1.68060007997,0.603607395622
55.7408151419,37.4682491141,1.13141915861,0.951176892794
55.740816941,37.4762107798,2.47780295303,2.65680199413
55.7408182244,37.4841724462,4.45589601413,2.06649288186
55.7408189919,37.4921341132,11.0349210471,4.7075047639
55.7408192435,37.500096017,42.4593040069,24.8921023481
55.7408189794,37.5080579087,54.2655822167,37.7533053384
55.7408181995,37.5160195756,1.4898700966,1.481410076
55.7408169037,37.5239812435,3.05545191928,2.27963948222
55.740815092,37.5319429107,4.16122363667,4.38156995726
55.7408127646,37.5399045753,4.59038783663,3.39602843596
55.7408099212,37.5478662386,1.46561253475,0.699178270827
55.7408065621,37.5558279023,5.69951745792,2.064848474
55.7408026871,37.5637895623,3.44345111932,2.81871666415
55.7407982962,37.5717512201,1.27212042968,1.96034525863
55.7407933896,37.5797128771,2.95222267947,3.93810858099
55.7407879671,37.5876745296,5.70571604442,4.56676761278
55.7407686045,37.6115594736,8.10756751027,2.39990941603
55.7407611186,37.6195211136,3.90972935103,2.71595631448
55.7452736352,37.4045448777,1.01818051894,0.952665476843
55.7452795622,37.4125074434,1.65201425816,2.45137726125
55.7452849731,37.4204700109,1.90624658935,3.13865644104
55.7453104552,37.4921332096,2.58586396705,2.54373217288
55.745310707,37.500096028,6.56757259571,7.29398874321
55.7453104428,37.5080588343,14.0855748572,9.60734295692
55.7453096627,37.5160214157,1.32736221295,1.16355811612
55.7453065548,37.5319465798,2.37628225555,1.05725744512
55.7453042269,37.5399091589,1.18517782203,3.00485974282
55.7453013831,37.5478717368,3.80423760642,0.919323638061
55.7452980234,37.5558343149,5.63082409215,4.46440604584
55.7452941477,37.5637968894,3.46647115221,7.07586505554
55.7452897562,37.5717594617,4.43096264966,5.82469261785
55.7452848486,37.5797220333,4.92971771802,3.12043194452
55.7452794252,37.5876846002,6.90372009594,4.07427250356
55.7452734859,37.5956471648,4.44909615199,2.22967495377
55.7452670306,37.6036097282,4.59213148162,3.49619870578
55.7452600594,37.6115722878,1.23636191832,1.38946770373
55.7452525723,37.6195348423,3.58944810739,0.952718503022
55.7497650892,37.4045339115,1.72481767127,1.35281286198
55.7497764289,37.4204608742,3.81865015149,1.95725922351
55.7497813248,37.4284243595,1.68680859922,0.871743452329
55.7498021671,37.500096039,2.25546612884,1.73551471015
55.7498019029,37.5080597602,2.49828473213,1.57657090901
55.7497980142,37.5319502499,2.48616360558,1.21340941207
55.7497956859,37.5399137438,7.11223697295,6.73408717476
55.7497928416,37.5478772364,6.4187009124,1.783157703
55.7497856051,37.5638042185,2.59703284172,3.28752814778
55.7497812127,37.5717677057,1.0406140322,2.0355725122
55.7497763044,37.579731192,9.56156875559,6.75808305501
55.7497708801,37.5876946737,8.37719749632,4.80244654782
55.7497649398,37.595658153,7.1978559816,6.72615318108
55.7497584835,37.6036216312,2.13469813137,2.04149939603
55.749751511,37.6115851056,1.8540902755,1.70711585323
55.7542356568,37.3806297766,1.43005677046,0.22929597601
55.75425654,37.4045229422,4.40599069589,2.18754435605
55.7542624689,37.4124873376,4.38260980053,2.41326586554
55.7542678817,37.4204517349,1.81631051715,1.49100225509
55.7542727783,37.4284161353,1.05980342531,0.347965872242
55.7542933599,37.5080606863,1.37753339295,0.580481411927
55.7542894705,37.5319539211,3.1332104595,0.871276073234
55.7542871419,37.53991833,10.3191185881,3.60629468535
55.7542842972,37.5478827376,1.21831063242,1.17604407263
55.7542770594,37.5638115499,1.88176502967,2.25276234496
55.7542726664,37.571775952,1.33069547872,1.08329879306
55.7542677572,37.5797403533,3.96881076587,2.52485397896
55.7542623319,37.587704752,4.04466525152,3.43315782612
55.7542563906,37.5956691444,6.00306397485,4.94108135865
55.7542499332,37.6036335376,10.9197614661,4.81925312282
55.7542429596,37.611597927,3.18525824863,2.26969798086
55.75423547,37.6195623113,1.37658713144,2.04493691033
55.758719107,37.3726507617,3.60487231057,0.486207846637
55.7587271017,37.3806160584,1.74280986348,0.373695878875
55.7587479876,37.4045119698,7.69724217547,5.47692675839
55.7587539174,37.4124772805,7.29312958335,4.55257990126
55.7587848261,37.4921304974,1.3792742109,0.132606128445
55.758785078,37.5000960611,1.04639656411,0.369835653757
55.7587848136,37.5080616126,1.06350894526,0.58574704082
55.7587809237,37.5319575934,2.44547552002,1.78058139897
55.7587785946,37.5399229176,5.88282113162,2.81250238403
55.758772388,37.5558535637,2.26537417309,6.0430260513
55.7587685103,37.5638188847,4.21762529038,2.01070927916
55.7587641166,37.5717842007,4.51968890315,2.72180104404
55.7587592066,37.5797495172,6.5660741726,4.04507464617
55.7587537805,37.5877148312,4.14504502392,4.00244578652
55.7587478381,37.5956801409,4.59231396925,2.97294079276
55.7587413805,37.6036454474,9.47455258146,3.96191718498
55.7587344058,37.611610752,4.06437013549,7.88131828225
55.7587269148,37.6195760516,11.1333773036,12.019732002
55.7632185424,37.3806023362,2.6709374688,0.875218953607
55.7632394327,37.4045009943,3.6857507834,3.07857133799
55.7632453627,37.4124672205,8.21279410139,3.30759262313
55.763270044,37.5399275064,3.68008049062,1.8819329009
55.7632671983,37.5478937448,1.85860664059,2.06765135459
55.7632638363,37.5558599836,12.0000064463,15.7094256586
55.763259958,37.5638262201,2.41390727183,4.94000306797
55.7632555635,37.5717924531,6.45558873651,4.92771870073
55.7632506527,37.5797586838,2.59069497255,2.20731312291
55.7632452257,37.5877249132,2.26924907295,4.65876339307
55.7632392832,37.5956911385,4.4555131596,4.19877428458
55.7632328237,37.6036573605,8.33335179644,6.57347817184
55.7632258477,37.6116235807,10.7176906801,6.80854093458
55.7632183556,37.6195897957,5.08123645552,6.03293831669
55.767709979,37.3805886103,5.49695714771,2.73786644403
55.7677308727,37.4044900156,3.3081489779,1.66530925114
55.7677368046,37.4124571577,2.04898226951,1.09553327086
55.7677422202,37.4204243016,1.23684376169,0.480864103211
55.7677669304,37.5160306241,1.48081061591,0.668283361737
55.7677656334,37.5239977829,2.32889675671,1.16383670091
55.7677638199,37.5319649409,2.15573209423,1.37642267738
55.7677552814,37.5558664053,2.45664223671,1.95176877157
55.7677514024,37.5638335576,2.48051996733,2.18986440891
55.7677470072,37.5718007064,3.13105967812,1.91640370621
55.7677420956,37.5797678529,2.70264657294,1.84200382942
55.7677366677,37.5877349981,1.83445595,2.88811720253
55.7677307233,37.5957021392,26.2837930793,12.9245044962
55.7677242626,37.6036692771,12.7292629567,10.6932072456
55.7677172856,37.611636413,1.39529728034,2.48966323624
55.7677097931,37.6196035453,3.29962592846,3.30385389991
55.7722336594,37.420415152,3.03778948386,0.504837823936
55.7722385594,37.428383215,3.56095758416,0.73352934421
55.7722583739,37.5160324674,1.10512393541,1.12935651888
55.7722552627,37.5319686163,1.32644793454,1.53390107162
55.7722529326,37.539936688,2.78960102313,2.29323009916
55.7722500859,37.5479047582,4.1597563065,2.6986424003
55.7722467228,37.5558728289,1.97796064208,0.741616009522
55.7722428432,37.5638408972,1.23112709551,1.03073514167
55.7722384473,37.5718089621,3.58279296989,2.00478095063
55.7722335348,37.5797770246,3.63452354405,2.78945751845
55.772228106,37.587745086,6.91617626285,5.4718050141
55.7722221606,37.5957131445,18.5538510393,13.8280102258
55.7722156989,37.6036811969,2.78626134927,6.16629478344
55.7722087215,37.611649249,8.72384251516,2.70237297152
55.7722012269,37.6196172973,9.51256030223,5.71226564149
55.7766848435,37.3725921862,1.3309405454,0.0823082034581
55.776744434,37.4602509193,2.74542121347,2.68639787376
55.7767467522,37.4682199086,4.57805822188,3.98502209182
55.7767485538,37.4761888977,7.22094208861,5.30796298873
55.7767498389,37.4841578874,1.71398121506,4.33226772886
55.7767506074,37.4921268777,1.46325882028,1.75806495411
55.776749814,37.5160343111,1.01312189816,1.09852204149
55.7767485164,37.5240033023,4.74900159813,1.22393279093
55.7767443717,37.5399412806,3.45083011634,3.05008591967
55.7767415247,37.5479102673,2.10682254705,2.02368329115
55.776738161,37.5558792543,5.89619852887,3.61241948423
55.776729884,37.5718172201,1.51195010946,1.86615153166
55.7767249708,37.5797861989,12.5826629074,7.64074396909
55.776719541,37.5877551766,15.0370779987,10.7144419978
55.7767135947,37.5957241514,1.08683772157,2.8324286562
55.7767071318,37.6036931216,5.91461868328,6.21389010466
55.7767001525,37.6116620885,1.57783980486,2.47799358564
55.7766926566,37.6196310532,1.76694237332,2.57984824728
55.7812358702,37.4602463473,1.56145391999,3.83783217721
55.7812381888,37.4682162519,4.84802068887,5.78800413661
55.7812399906,37.4761861589,6.78650649751,9.2992299864
55.7812422967,37.5000961163,1.35798112561,1.40757089494
55.7812420322,37.5080662486,2.1284051282,1.42039848077
55.781241251,37.5160361554,2.10336153318,0.858336134014
55.7812399533,37.5240060631,2.25172659893,1.91755072117
55.781238139,37.5319759702,1.49368001002,1.01169485883
55.7812358079,37.5399458747,2.67538327564,1.07999675521
55.7812329603,37.5479157779,2.20223838237,1.07405280425
55.781229596,37.5558856814,1.07917772799,2.06473733903
55.7812257152,37.5638555827,1.1667132637,1.40152464535
55.7812164037,37.5797953758,8.56008130261,2.24400095665
55.781210973,37.5877652701,4.03160100967,3.33154698939
55.7812050256,37.5957351615,7.38679901901,4.32074985923
55.7811985618,37.6037050483,8.61742668579,5.9374154968
55.785469381,37.245030918,1.00390982575,0.659639845689
55.785650138,37.3566212997,1.89821025354,1.22418817567
55.785659174,37.3645920838,1.10660196498,0.642623443796
55.7856676934,37.3725628735,1.1950110153,0.551270074134
55.785683182,37.3885044641,2.89150305934,0.230561933468
55.7857273039,37.4602417727,1.08469506136,2.61793111093
55.7857296228,37.4682125954,1.40665689268,2.51078060002
55.7857314251,37.4761834194,6.14544185716,3.83024836767
55.7857327106,37.4841542425,2.02395897142,3.39108611555
55.7857337315,37.5000961274,2.34061511378,1.04696725092
55.7857334669,37.5080671765,8.18761273882,0.925322209887
55.7857326856,37.5160380002,2.18027650565,0.903123349717
55.7857313877,37.5240088248,4.66688788186,1.53355561187
55.785729573,37.5319796487,2.38736501771,1.96091669092
55.7857272416,37.53995047,1.71488758008,1.08297661528
55.7857243935,37.54792129,1.25771949392,0.984499707131
55.7857171473,37.5638629286,3.64510012617,3.57886756256
55.785712749,37.5718337432,2.29105782523,1.93355743436
55.7857078341,37.5798045554,1.0238026643,1.44015347378
55.7857024025,37.5877753664,2.52455493808,2.33240402241
55.7856964543,37.5957461747,7.79525008212,4.59630395549
55.7856899893,37.6037169784,2.76511272059,1.5384048391
55.7856830075,37.6116877785,1.68987893918,2.29834884933
55.7901591127,37.372548211,5.09651020169,1.43869938069
55.7902125443,37.4442937244,1.1671579893,0.424444966881
55.7902241407,37.4841524193,2.58674346315,2.66928984254
55.7902249097,37.4921241601,1.14302344734,3.72427245942
55.7902248973,37.5080681048,1.21515074892,0.594930865458
55.7902241159,37.5160398455,1.52806057039,0.40949734694
55.7902210027,37.5319833282,1.10214695302,3.04042439866
55.7902158223,37.5479268038,1.98500457951,1.68021683867
55.7902041759,37.5718420081,5.44743735381,3.59109863517
55.7901992602,37.5798137375,3.36723957028,4.0435722634
55.7901938277,37.5877854657,10.9366471143,8.69131074972
55.7901878784,37.595757191,6.38986325936,7.96887758192
55.7901814122,37.6037289117,4.23717803591,2.81428242252
55.7946908078,37.420369365,1.56642534154,0.312280983608
55.7947101595,37.4602326224,2.07638427315,2.16665209551
55.7947155679,37.4841505956,1.04103979099,2.08627933997
55.794716337,37.4921232538,5.02535269781,6.80935894771
55.7947165892,37.5000961495,2.32180003423,1.9999950694
55.7947163246,37.5080690332,2.26487820561,1.71371703956
55.794715543,37.5160416914,2.90202126344,2.31490035767
55.7947124293,37.5319870088,1.57045933345,0.601496631813
55.7947100972,37.5399596645,3.3077770926,2.0721742207
55.7947072481,37.5479323191,1.98769820759,1.28135458923
55.7946999994,37.5638776265,3.22651111055,2.70021494087
55.7946906831,37.5798229222,2.82072981787,4.76827667693
55.7946852498,37.5877955677,75.4280912806,74.7362835222
55.7946792994,37.5957682104,9.75290551195,15.0253672649
55.7946728323,37.6037408485,3.00592923457,5.01545715106
55.7946658482,37.6117134832,1.4188054208,3.30846737053
55.7990592788,37.3087306792,1.23418820882,0.606362443953
55.799164411,37.3964395209,4.4170304688,3.18404765767
55.7991708669,37.4044130767,8.68757754416,2.22178803178
55.7991768057,37.4123866371,3.30032941774,0.727803884088
55.7992015824,37.4602280453,2.18003768084,1.96848124292
55.7992039025,37.4682016201,2.12068732151,1.27490206716
55.7992069918,37.4841487714,1.64986429393,3.4498119859
55.799207761,37.4921223472,2.58614710553,2.25636017974
55.7992080132,37.5000961606,3.23096804031,2.49574625164
55.7992077485,37.508069962,1.04771468534,1.46240184814
55.7992069669,37.5160435378,3.49746655006,2.46769530771
55.7992056682,37.5240171145,3.00017780772,3.36558250791
55.7992038527,37.5319906904,7.20182543738,5.62276564329
55.7992015201,37.5399642638,4.65517223154,2.5833040787
55.7991986706,37.5479378359,3.59158933148,2.75120875707
55.7991953041,37.5559114084,1.47124144023,1.57267745736
55.7991914206,37.5638849786,1.51511831746,3.36462406995
55.7991821029,37.5798321095,4.8403956216,3.13437887533
55.7991766685,37.5878056727,34.3108422387,30.2428987493
55.7991707173,37.595779233,23.0883006375,24.1970495405
55.799164249,37.6037527886,1.68842130613,1.74525548384
55.8036558242,37.3964275989,3.35489486127,3.54863612359
55.8036622811,37.4044020732,11.3103104181,4.74642393291
55.803668221,37.4123765514,3.59709759489,1.57104309032
55.8036901643,37.4522489768,1.6878833907,2.61238521424
55.8036930018,37.4602234668,2.71526757698,1.87941169414
55.8036953223,37.4681979596,1.39336894028,1.39218155408
55.8036991814,37.4921214403,1.09697303573,1.6498523114
55.8036994337,37.5000961717,2.41742694962,1.72507516927
55.803699169,37.508070891,2.45767254529,1.68810053997
55.8036970883,37.5240198793,5.77433415504,3.2720831642
55.8036952724,37.531994373,5.30863252746,3.29990723713
55.8036929395,37.5399688644,3.88009470936,3.71456460455
55.8036900895,37.5479433543,2.66981271763,3.78524865556
55.8036867224,37.5559178447,4.16357846212,2.06257756232
55.8036828383,37.5638923328,1.9376665462,2.19860118019
55.8036784372,37.5718668173,1.02906820274,2.04887408005
55.803673519,37.5798412995,4.54558474854,1.77012223705
55.8036680837,37.5878157805,3.91315544663,1.6860488828
55.8036486757,37.6117392024,1.51276520058,1.82111809226
55.8036411723,37.6197136704,1.15810874278,1.39682669651
55.8080420669,37.3086866372,1.11697293646,0.229454679568
55.8081472344,37.3964156742,1.19268634957,1.07615665544
55.8081536923,37.4043910665,1.8261811437,1.93665256475
55.8081596331,37.4123664628,1.43019834073,1.55476778186
55.8081844182,37.4602188871,6.47477092363,5.0082033722
55.8081867391,37.4681942981,2.01308066932,2.54749986136
55.8081905989,37.4921205331,1.35232363193,0.793163777452
55.8081908511,37.5000961827,3.30002402251,0.570014664664
55.8081905864,37.5080718203,8.2418935717,3.26057541609
55.8081898044,37.516047232,2.59592439474,2.44019135802
55.8081866891,37.5319980568,5.32234132609,2.22982051413
55.8081843559,37.5399734661,1.4055520863,2.09104842604
55.8081815053,37.5479488743,2.0586126914,1.5706160432
55.8081781378,37.5559242828,1.38858331178,1.03598854761
55.808174253,37.563899689,5.1940617982,1.66350176197
55.8081698511,37.5718750916,1.59949984242,3.22589795445
55.808164932,37.579850492,3.04446571057,2.20416948029
55.808159496,37.5878258911,3.28741219885,1.05341390244
55.8081535427,37.5958012875,2.31203127495,0.786261353463
55.8081400846,37.6117520675,1.17733119957,1.47764239755
55.8081325799,37.6197274536,2.55731705593,1.88706283134
55.8116885756,37.0055737596,1.08149043663,0.126327429688
55.812533456,37.3086646067,2.21800544751,0.648170022226
55.8125456044,37.3166408659,2.21082486095,0.605948335043
55.8126316649,37.3884274392,1.41033230027,2.24460077629
55.8126386412,37.396403746,1.19623589973,1.92857685559
55.8126451002,37.4043800566,4.53396755601,1.31885790929
55.8126758312,37.4602143062,1.79863997606,2.41462409689
55.8126781525,37.4681906355,1.16844446807,0.607463581483
55.8126822652,37.5000961938,3.97893363865,3.08760224073
55.8126695498,37.5559307227,4.50724391934,1.5401626983
55.8126656644,37.5639070473,14.6149978282,3.32434201034
55.8126612617,37.5718833684,7.18359675472,3.74788269078
55.8126563419,37.5798596871,14.3921019694,2.06689204538
55.8126509048,37.5878360047,3.35771209865,1.57629899147
55.8126449506,37.5958123194,3.1372844127,1.81519912307
55.812638479,37.6037886295,1.41568519195,1.10441212408
55.8126314902,37.6117649362,1.34826856675,0.542274124186
55.8170369924,37.3166197478,2.82915517514,2.24599395046
55.8170486256,37.3245969316,2.10440120715,1.59535939354
55.8170597415,37.3325741216,1.26337092801,1.633633825
55.8170703401,37.340551317,2.42248621897,2.16981184145
55.8170990319,37.3644829336,2.19582247225,2.06611770028
55.8171300444,37.3963918144,1.68649875715,0.811987446208
55.8171644018,37.4522324786,1.84557228379,0.807450878067
55.8171726288,37.5160509284,3.34902480818,2.56262122518
55.8171570721,37.5639144078,1.05993429532,1.05455430206
55.8171526688,37.5718916475,4.93541960057,3.50116953011
55.8171477481,37.5798688849,1.58308856466,2.0889370058
55.8171423102,37.5878461212,1.20796022713,2.57718875552
55.8171363548,37.5958233545,3.13112509678,2.26700280393
55.8171153862,37.6197550318,1.25959537452,2.00922875362
55.8216069711,37.3804235934,1.18023937213,1.01289865503
55.8216524509,37.4442488125,1.31231881005,0.24592120732
55.8216558078,37.4522269761,8.00552222894,1.27284479103
55.821664831,37.4921178101,3.73462691487,2.58121549056
55.8216650834,37.5000962159,7.83576044041,6.98511735414
55.8216640361,37.5160527774,1.7897858656,2.23511611217
55.8216627364,37.5240309462,1.36862291514,4.48980190133
55.8216440727,37.571899929,2.25145296486,1.41032455567
55.8216391513,37.5798780853,1.65515653326,4.46489312056
55.8216277561,37.5958343927,3.95479687534,1.81634398208
55.8216212835,37.6038125403,3.03468747762,1.99019934793
55.8216142925,37.6117906847,1.8367009903,0.717680513457
55.821606784,37.6197688268,5.2508873988,2.57499601583
55.8258917388,37.2447665971,1.30303355754,0.895371264816
55.8259080331,37.2527455556,1.46488622361,0.692273487888
55.8260076043,37.3085984781,2.66501625161,0.501533909378
55.8260531169,37.3405145772,1.10761921631,0.741316507006
55.8260632015,37.3484936164,1.39809864495,0.972525860119
55.8260727687,37.3564726592,2.23838889091,0.963008518995
55.8260983653,37.3804098168,1.67338569194,1.52204590092
55.8261058626,37.3883888766,1.12166925458,1.97701698209
55.8261128423,37.3963679411,2.17158329053,0.736668603806
55.8261193046,37.4043470086,2.01570489283,0.347653189553
55.8261306768,37.4203051539,1.39220821685,0.914226368224
55.826139979,37.4362633078,1.86128124677,2.48788663679
55.8261472113,37.452221472,1.24779365063,1.21006039878
55.8261564884,37.5000962271,1.00958002284,1.00958002284
55.8261541411,37.5240337148,1.20798694222,2.94624658202
55.8261437665,37.5559500535,1.69740515191,1.27023024052
55.8261398791,37.563929135,2.39477586003,3.05081420741
55.8261354743,37.5719082128,4.50289011043,3.25287599291
55.826130552,37.5798872882,4.13680310831,3.08131566065
55.8261251122,37.5878663626,3.25431269739,3.03304312461
55.8261191549,37.5958454339,7.2803491106,3.64438586066
55.8261126802,37.6038245008,1.91786304865,0.831121709416
55.8260981782,37.6197826256,2.23975862507,1.42302003822
55.8302545261,37.1888782867,1.41366020175,0.501867464523
55.8304451783,37.2766567449,1.16141418011,1.15422017942
55.8304863061,37.3005964932,1.63267370345,1.76543917657
55.8304989803,37.3085764226,4.50234124956,1.25311730459
55.8305445002,37.3404961995,1.05811886822,0.495808753585
55.8305545866,37.3484761567,2.30573906801,1.57734170579
55.8305641553,37.3564561202,1.59918061219,1.79806740421
55.8305817402,37.3724160598,2.14106554282,1.43713035248
55.8305897562,37.3803960351,1.59412148907,0.73625439554
55.8305972548,37.3883760154,2.93426428449,0.599089188985
55.8306042357,37.3963559995,3.15550329049,1.00502075547
55.8306166449,37.4123159772,1.04744556874,0.648755792024
55.8306220731,37.4202959706,1.59669283305,0.917605242616
55.8306313769,37.4362559633,1.46443622575,2.06435546079
55.8306414508,37.4601959691,2.45368759747,2.24386890382
55.8306476365,37.4921159936,1.99489811604,2.17914751605
55.8306478891,37.5000962381,1.16938983693,1.13072026543
55.8306468415,37.516056477,1.70970390569,2.80915324971
55.830635165,37.5559565009,1.57226510654,0.452721928828
55.830631277,37.5639365016,1.53299928302,0.383249820755
55.8306105493,37.5958564784,2.96108167202,1.69394470945
55.8347254169,37.1808617058,1.02992788515,0.342444769535
55.8349065314,37.2606693701,3.90347131866,0.782159913198
55.8349217959,37.268650183,2.28617718363,1.8598489561
55.8349365427,37.2766310045,2.10452547501,1.45245360235
55.8350459685,37.3484586933,3.74045215071,1.66549890588
55.8350555389,37.3564395767,8.80464183067,1.97850230895
55.8350731267,37.3724013555,1.30939522577,0.653544321925
55.8350811442,37.3803822507,1.70719835212,1.18755184358
55.8350956261,37.3963440543,3.04947232525,1.27870277896
55.8351080373,37.4123058716,1.36365558354,0.78115397491
55.8351183779,37.4282676993,1.24852520004,0.995611224403
55.8351227718,37.4362486168,1.39955429501,0.668796035522
55.835126648,37.4442295373,1.80736776704,0.705374089781
55.8351382639,37.4841341588,1.29778859057,0.545214061735
55.8351390341,37.4921150849,1.14778803744,1.35897196533
55.8351392868,37.5000962492,1.05754576887,1.24732086723
55.8351390217,37.5080774015,1.35246781364,1.06666900951
55.8351351206,37.5320201809,3.0,3.06607960253
55.8351182656,37.5719247874,1.11137993287,0.984290733034
55.8391957798,37.1728432864,1.66131143732,0.783449591432
55.8392167418,37.1808249192,1.36717956399,0.898127466052
55.8393821015,37.2526600576,4.26797425558,1.43742882801
55.8393978863,37.2606417826,2.47969431187,1.08037721918
55.8394690436,37.300550523,1.55969649159,0.98972498698
55.839481722,37.308532292,3.56809905289,2.06608532586
55.839537348,37.3484412252,1.24796782669,1.16400138382
55.83954692,37.3564230284,1.77795874006,0.966922718355
55.8395559743,37.3644048363,1.93527978562,0.696541075454
55.8395725295,37.3803684623,8.38273761854,4.29400127178
55.8395870138,37.3963321059,1.09272217779,0.771599426857
55.8396048573,37.420277595,1.16990099693,0.327478937588
55.839618041,37.4442231085,2.19796518952,1.78160692235
55.839629659,37.4841323299,1.30010080212,1.75147553287
55.8396304292,37.492114176,1.11893625475,1.46520841026
55.8396283333,37.5240420257,2.67559445473,3.06435935696
55.839626515,37.532023872,2.32592646761,2.36393363409
55.8396140643,37.5639512414,1.4471740397,0.599172906622
55.8396096572,37.5719330782,3.59129723334,0.963228507132
55.8436870987,37.1728055693,1.46225709101,0.951927838263
55.84394721,37.2925448463,1.11906063215,0.732416862901
55.8440287231,37.348423752,2.26657178886,1.96303763637
55.8440382967,37.3564064754,4.28728838476,3.62031967147
55.8440473525,37.3643892035,6.42354503845,2.81924100781
55.8440639106,37.38035467,16.5278101207,18.0078407919
55.8440714128,37.3883374102,51.2681080913,69.7184503471
55.8440848639,37.4043029007,1.10735409905,1.00048110986
55.8440962437,37.4202684037,2.03578338651,1.03009559564
55.8441011568,37.4282511596,4.35322590122,1.90970966577
55.8441055522,37.4362339173,1.35044560337,0.412590441105
55.8441094296,37.444216678,1.17027039432,1.89851982304
55.8441210495,37.4841305005,2.90773041517,3.23194914139
55.8441220727,37.5000962715,6.09016952065,1.84269514949
55.8441197237,37.5240447975,4.00591612931,2.62172679059
55.8441093422,37.5559758536,1.59739305079,0.478497434672
55.8441010444,37.5719413715,3.35207730125,4.86471922177
55.8485100021,37.3404226354,5.33088648261,1.25523146502
55.8485200952,37.3484062739,3.76213175354,2.50244345891
55.8485296704,37.3563899177,3.09845887674,5.21734092639
55.8485387277,37.3643735664,1.16181418969,2.32040783106
55.8485821952,37.4122755357,2.5726575123,1.48245322317
55.8485876271,37.4202592099,1.63811434971,0.921117804691
55.8486008152,37.4442102456,9.74879679436,3.6361074611
55.8486132077,37.4921123574,1.33653608171,1.59908681671
55.8486134604,37.5000962826,1.57182463936,0.640468201982
55.8485968372,37.5639659894,1.11068262734,1.38428182655
55.8485924286,37.571949667,1.52952039111,1.46143432386
55.8485875022,37.5799333423,1.97504377237,3.19091535707
55.8485820578,37.5879170164,2.76501713168,2.55794351993
55.8485760955,37.5959006876,1.5747640941,1.02209946393
55.8530114648,37.3483887908,2.05967766079,4.1346919664
55.8530210416,37.3563733554,5.03734093667,3.39792150877
55.8530735752,37.4122654185,3.92406210703,3.0738853678
55.8530921983,37.4442038115,1.20678463002,2.89434116564
55.8530955591,37.4521884138,1.09011179661,2.06959701514
55.8531025326,37.476142233,3.55732921746,4.01427149475
55.8531045921,37.4921114476,4.76501661716,1.70657311104
55.8531048448,37.5000962936,1.664550864,2.58151527308
55.8530983385,37.5400195564,2.83356827139,0.361070698482
55.8530954841,37.5480041603,2.21427442245,0.233719630974
55.8530882196,37.5639733665,4.54738887554,1.70747012896
55.8530838104,37.5719579649,2.2726564146,1.03724928572
55.8530734378,37.5879271557,4.74059613649,3.03476762743
55.8530674745,37.5959117478,2.68055873685,0.743011567253
55.8530609932,37.6038963366,1.17805391599,0.794665931056
55.8571395394,37.1647070478,2.12047376768,0.676688872304
55.8575124086,37.3563567883,1.45670018971,0.559659615204
55.8575525294,37.3962842779,1.12942275724,0.940626429339
55.8575589993,37.4042697863,1.37288361343,1.33521778762
55.8575649511,37.4122552984,2.24507616308,2.93784416245
55.8575703848,37.4202408144,2.22730318048,3.24023861522
55.8575753004,37.4282263325,9.55879724222,3.10140983577
55.8575796979,37.4362118524,6.18178115165,6.66933252422
55.8575921063,37.4681539523,2.36622199447,1.32077764285
55.8575939133,37.476139481,6.7822693861,4.11444969013
55.8575952023,37.4841250091,1.66406529108,2.90409361059
55.8575959731,37.4921105376,1.39093757279,1.84124575476
55.8575962259,37.5000963048,1.51201228954,2.40944168341
55.8575959606,37.5080820598,3.45625710617,2.95442559409
55.8575938759,37.5240531178,1.96037223365,2.31276444104
55.8575897194,37.5400241727,1.11581196535,0.0283426288211
55.8575868637,37.5480096976,1.52251617142,0.391412266861
55.8575834898,37.5559952229,2.12479083318,0.987301048453
55.8575795979,37.5639807458,10.0092452847,3.18704700814
55.857575188,37.5719662651,4.15292554058,1.28868953881
55.8575702598,37.5799517822,2.76117903301,0.962622971075
55.8575453665,37.6118938259,2.07703660343,2.43585391545
55.8575378479,37.6198793272,2.74158917429,2.05602042569
55.8620503709,37.4042587422,1.41791586971,0.462205759548
55.8620617583,37.4202316128,2.29051348579,2.41341257413
55.8620666747,37.428218052,3.4854511509,2.82737630594
55.862071073,37.4362044932,9.56479602148,8.32174753375
55.8620834843,37.4681502783,1.31549883801,1.35750177894
55.8620852916,37.4761367282,2.59276850876,1.7357019496
55.8620865807,37.4841231776,1.36755412574,2.40821434678
55.8620873517,37.4921096274,1.33135521656,0.390813690163
55.8620865557,37.516069442,1.19158886743,1.54272560166
55.862085254,37.5240558928,1.03917936213,0.755546754124
55.86207824,37.5480152364,8.3852506615,1.71847407343
55.862070973,37.5639881272,5.96602363813,3.45657500122
55.8620665623,37.5719745692,4.49147776701,2.86461400854
55.8620616333,37.579961006,1.92557308376,1.97814555977
55.8620561862,37.5879474432,4.14327336129,3.3862639863
55.8620502209,37.5959338775,3.1879069416,2.99253009798
55.8620437375,37.6039203086,7.2370490338,5.43656267952
55.8620367358,37.6119067348,6.30682058468,6.93616894572
55.862029216,37.6198931574,1.7031355283,2.43143565202
55.8661646227,37.1806039791,1.02525238878,0.0504532965308
55.8661850865,37.1885911478,3.72056132915,0.329061849851
55.8665580455,37.4282097693,2.60462989373,1.37956070428
55.8665624444,37.4361971321,1.07994597061,3.78397208297
55.8665748577,37.4681466032,1.79897255816,1.94542826056
55.8665766654,37.4761339747,3.7898158928,3.68135065778
55.8665787259,37.4921087169,3.94119133863,5.62466794136
55.8665789788,37.500096327,2.58003626825,2.33229358113
55.866576628,37.5240586686,2.34490142337,1.30958888112
55.8665724694,37.5400334091,5.64318908775,1.55242732679
55.8665696127,37.5480207768,10.1403658391,6.16122482267
55.8665662377,37.5560081448,2.31596307478,1.72106666147
55.8665623445,37.5639955106,3.16945747291,2.03123673798
55.866557933,37.5719828743,5.69051499957,2.41885334649
55.866553004,37.579970234,2.7964007609,1.20733699358
55.866547556,37.5879575912,3.88743932692,2.71045364568
55.8665415897,37.595944947,10.9538823914,3.38863782042
55.8665351052,37.6039322997,9.28955225532,5.69959849447
55.8665281023,37.6119196474,4.78094681002,6.51711940876
55.8665205813,37.6199069915,3.90120759937,3.25935264033
55.8710662283,37.468142927,1.12269167918,2.09765660706
55.8710700972,37.4921078062,6.32003733578,4.09273535133
55.8710703501,37.500096338,3.96710327352,3.78700130436
55.8710679988,37.5240614451,1.9472869715,1.80204499061
55.8710661783,37.5320497384,1.56623058872,0.979664874408
55.8710638395,37.5400380292,2.32580254278,1.95233725685
55.8710609823,37.5480263187,1.75335454,1.85977742174
55.8710576068,37.5560146086,3.02969614323,3.92820632637
55.8710537129,37.5640028961,5.2283957024,3.67809064685
55.8710493015,37.5719911816,1.03041761281,1.96569099383
55.8710443709,37.5799794632,1.4914980139,1.59613564418
55.8710329547,37.5959560197,5.4334958298,3.36661794699
55.871026469,37.6039442941,6.10972830643,5.16421381238
55.8710194651,37.6119325637,2.03567096427,3.55159232671
55.8710119427,37.6199208295,1.20112384441,2.13639369836
55.8755451789,37.4361824029,1.19542066385,0.574099381291
55.8755524246,37.452160823,1.57398451243,0.518872072547
55.8755552697,37.4601500356,1.06489450172,0.782067226228
55.8755575964,37.4681392499,1.97885358557,1.4339178581
55.8755614659,37.4921068952,1.12954417707,0.499056051175
55.8755617189,37.5000963492,1.78092049832,1.15785642755
55.8755614534,37.5080857911,2.59003279659,1.33167303461
55.8755606695,37.5160750064,1.5484939193,4.34844129608
55.8755593672,37.5240642225,2.94116433709,5.01912720909
55.8755575464,37.5320534378,11.1382724291,3.35176140421
55.8755552072,37.5400426507,3.8123620734,2.41525716311
55.8755523495,37.5480318622,5.31110027327,3.20680844688
55.8755489734,37.5560210742,4.98791300581,4.59516833281
55.8755450789,37.5640102838,1.63272608726,3.75060805443
55.8755406659,37.5719994912,1.4518959029,2.51686502826
55.8755302847,37.5879778959,1.56373479691,1.91342092173
55.8755243164,37.5959670956,1.2199916784,1.80172708784
55.8755178296,37.6039562921,1.25137919202,1.01813512619
55.8755033008,37.6199346716,1.98130566627,1.93968790887
55.8800272196,37.42019478,1.72519346649,3.75066862485
55.8800321393,37.428184907,2.40700904379,1.656359614
55.8800365405,37.4361750353,4.11401829016,1.09995877189
55.8800404232,37.4441651664,5.51152332818,2.18485569016
55.8800437873,37.4521553001,3.12683418614,1.37350469301
55.8800520586,37.4841158464,1.63853479728,0.556724536489
55.8800528302,37.4921059839,3.84849715621,2.12404868221
55.8800530832,37.5000963603,1.53295575451,1.04426073673
55.8800528177,37.5080867246,2.59696078525,0.915007935279
55.8800520337,37.5160768622,1.81825152703,1.28041029408
55.8800507311,37.5240670006,1.05747768137,1.86292525442
55.8800489101,37.5320571383,10.6607070963,2.52077085602
55.8800437123,37.5480374074,6.13407659524,3.47634533497
55.8800403356,37.5560275416,3.73709104673,2.99495988093
55.8800364404,37.5640176735,2.10582354803,2.22030060592
55.8800320267,37.5720078033,3.08476904323,2.295680866
55.8800156744,37.5959781745,1.29517112655,1.55114286826
55.8800091866,37.6039682934,7.23900047784,4.1460298802
55.8844937082,37.3882213956,1.00220040953,0.607303717707
55.8845185766,37.4201855652,1.34451167751,3.03513085173
55.884527899,37.4361676657,1.86794114021,1.4701366724
55.8845317823,37.4441587193,2.32807914972,2.32247357238
55.8845351471,37.4521497757,2.14284782647,2.6169501745
55.8845434198,37.4841140122,2.1399756303,1.34946688419
55.8845441915,37.4921050724,5.79379204479,1.8130045868
55.8845444445,37.5000963714,1.86340964101,1.56331162319
55.8845433948,37.5160787185,1.13851356184,1.59776608057
55.884542092,37.5240697795,1.95733900392,3.31542249993
55.8845402707,37.5320608399,5.04571355808,2.95933919832
55.8845379307,37.5400518976,2.23157153185,1.4217896098
55.884535072,37.5480429541,2.75794615978,1.21967730879
55.8845316948,37.5560340108,2.17156862791,1.97656531066
55.884527799,37.5640250653,2.39497039077,1.08375077118
55.8845233845,37.5720161177,1.87769239157,0.789740176417
55.8845070294,37.5959892567,3.36975983318,4.08906777937
55.8845005406,37.603980298,5.39052021359,4.14911433539
55.8844935331,37.6119713345,5.30736259877,1.22278591251
55.8889775436,37.3802165302,2.88183406841,0.754759465573
55.8889850585,37.3882084869,6.10827979305,1.22570536721
55.8889920547,37.3962004473,2.20308014859,1.7556855969
55.8889985322,37.4041924111,5.17141199311,3.41382366721
55.889004491,37.4121843775,5.66216273575,2.01502914874
55.889009931,37.4201763478,3.67972390836,2.4837027212
55.8890148524,37.4281683203,4.91497761906,2.94285307896
55.8890347785,37.4841121776,2.13648130682,1.48656262187
55.8890355503,37.4921041606,1.9444724906,0.582854833719
55.8890316289,37.5320645424,4.95844779749,2.81063370896
55.8890292884,37.540056523,2.79232989581,3.03780422304
55.8890230515,37.5560404819,2.12587230155,2.27367268967
55.8890147398,37.5720244345,1.98819645993,2.57309061579
55.889009806,37.5800164073,3.55110674698,0.957607709584
55.8890043534,37.5880083761,7.25676674683,4.67216382888
55.8889983821,37.596000342,3.47675235135,2.69709030597
55.8889918921,37.6039923062,1.15269615044,1.88263737929
55.8934764044,37.3881955745,2.56027196326,0.442758479672
55.8934834018,37.396188458,3.21738718976,1.55518957441
55.8934958402,37.4121742345,6.1508730766,1.11137924492
55.8935012811,37.4201671279,2.18862252026,1.03663944013
55.8935062034,37.4281600234,7.54079766985,2.36013897199
55.8935144915,37.4441458199,3.36301763826,1.82610897398
55.8935178574,37.4521387222,4.0304410987,2.52716951138
55.8935261328,37.4841103425,1.17472922396,0.640855454638
55.8935261078,37.5160824328,1.17797048008,0.71965137164
55.8935248046,37.5240753398,1.95291418826,3.29124847116
55.8935206419,37.5400611498,1.61821196866,2.01258798218
55.8935177823,37.5480540521,1.88103677092,0.975863942557
55.8935144039,37.5560469549,1.18784321384,1.51460227424
55.8934957025,37.5880185414,3.63069796771,2.63099104646
55.8934897302,37.5960114304,5.05404066786,5.10699638812
55.8934762293,37.6119972002,1.44125996153,1.7582052274
55.8934687006,37.6199900789,4.26725457758,3.79458707289
55.8979521937,37.3721950556,1.31176563149,0.344308372454
55.897974746,37.3961764653,1.58217938694,3.60768612316
55.8980092072,37.452133193,3.22466493695,2.95872035011
55.8980161932,37.4761146779,2.40478546399,4.17123383092
55.8980174841,37.4841085068,1.02196952235,2.22991998557
55.8980091321,37.5480596036,1.07490736583,1.41026521532
55.8979925031,37.5800348945,1.24203344414,2.70374170782
55.8979870487,37.5880287097,11.7229380102,7.38379824891
55.8979600423,37.6200039406,2.32647222123,2.35282081944
55.90084975,36.8605382283,1.00013747777,0.483799184662
55.9024435316,37.3721802887,1.23041689988,0.515958398612
55.9024515692,37.380175012,2.38032917806,0.88610909944
55.9024590878,37.3881697388,4.32110884673,2.46238451391
55.9024660876,37.3961644693,2.29271666132,1.70005056078
55.9024785301,37.4121539397,2.26624775028,2.5263943091
55.9024839729,37.4201486801,2.36909578753,1.72523736852
55.9025088078,37.5160861493,1.80804112626,0.284378211287
55.9025004795,37.5480651584,6.4837779961,2.36595769077
55.9024971,37.5560599062,2.16537089852,1.24587148928
55.9024838477,37.580044142,1.23691752146,1.83359906738
55.9024783924,37.5880388808,5.89720993485,3.07126335493
55.9024589126,37.6120230805,2.05855068348,1.20813677518
55.9024513815,37.6200178061,1.1891580781,0.423216724571
55.9053408161,36.8604643367,2.06264642037,1.02028939663
55.9053820714,36.8684591845,1.11351203387,0.814148367756
55.9069504239,37.3881568154,2.68113439946,1.30142882152
55.9069574248,37.3961524697,2.25991401371,0.691803424964
55.9069639066,37.4041481276,1.59513329313,0.915094607821
55.9069698694,37.412143788,3.1283042664,1.78708723458
55.9069753131,37.4201394513,1.79561349476,0.874295749052
55.9069918226,37.548070713,4.67490000433,1.37231532378
55.9069801252,37.5720577252,1.50973379124,1.07635195568
55.906975188,37.580053392,2.93400871109,2.98669460688
55.9069697317,37.5880490548,2.15052248551,1.28882505807
55.9098318786,36.8603904236,1.2528843359,1.04472142038
55.9114261954,37.3721507422,1.97722521823,0.249402886894
55.9114342357,37.3801473135,10.259897887,0.759308972135
55.9114417569,37.3881438884,4.26993792554,0.44274131629
55.9114552419,37.4041370488,4.01899245917,4.00371326904
55.911486024,37.5400796718,1.47090704351,1.30146142887
55.9114831624,37.5480762692,3.13435546715,1.20744456463
55.9114714632,37.5720660538,1.68255247027,1.50371613462
55.911461068,37.5880592317,1.32631400134,0.933087379319
55.9143229381,36.8603164889,1.5332797056,1.41002031177
55.915925565,37.3801334584,4.02770690386,0.332393742576
55.9159330875,37.3881309577,1.26297049228,0.422086612813
55.9159400907,37.3961284605,1.43375532712,0.739862365446
55.9159579851,37.4201209877,1.00139164885,0.566462900986
55.9159627988,37.5720743848,1.92877334251,0.964386671256
55.920431418,37.3961164508,1.6569226787,0.780678691229
55.9204379031,37.4041148818,1.57275067203,0.934072228318
55.9233463302,36.8681671032,1.65389074453,0.544373193963
55.929457879,37.5000964829,1.66838174932,1.18732493759
55.9294568275,37.5160973111,1.86689402996,0.470631822144
55.9294555226,37.5240976124,1.68819441775,1.06603644943
55.9294451079,37.5560988061,1.09717587046,0.544138051464
55.9339492049,37.5000964941,3.65087484206,2.29318992494
55.9339489389,37.5080979474,2.42768592935,0.987589191764
55.9339481533,37.5160991732,3.87267159397,1.35265422723
55.9339468481,37.5241004001,1.82474687281,0.636478830847
55.9339398151,37.548104075,3.91016652421,0.28710254724
55.9339364316,37.5561052955,1.13741096028,0.525754473972
55.9384402731,37.4920941139,4.16089722506,1.08679611873
55.9384402606,37.5080988844,1.51184123225,1.66852736858
55.9384394749,37.516101036,1.03573891382,1.40464414824
55.9426981499,37.2600050991,1.18852550919,0.442935928358
55.9427695822,37.3000199935,1.83519350275,1.60990701723
55.9427823096,37.3080229939,1.31439712642,1.01807443763
55.9428062053,37.3240290117,1.29344899265,0.61136043496
55.9428477598,37.3560411159,1.50303611218,0.743928620188
55.9429315913,37.492093199,1.23218350938,1.23218350938
55.9429318449,37.5000965164,1.27760818181,0.968445543628
55.9429315787,37.5080998217,8.02161687483,3.58696904833
55.9429307929,37.5161028992,3.21419917045,1.85906556655
55.9472608713,37.2999968484,1.99118746261,1.75858030658
55.9472735997,37.3080007749,1.36646130327,0.876910021332
55.9474231609,37.5000965275,1.73630159792,0.792940122689
55.9474228948,37.5081007591,2.22732917258,1.23830151937
55.9517251324,37.283964011,1.18335514936,0.37742887086
55.951738904,37.2919688507,1.10374240974,1.13173424074
55.9517521556,37.2999736966,1.62877389722,1.45450289398
55.9519144736,37.5000965388,1.00014917322,0.401736033981
55.9562434377,37.2999505384,1.10310929451,0.575699650789
55.9608597157,37.4040149733,1.05513188293,0.940148370416
55.9608656906,37.4120217419,2.79603728503,1.15328925581
55.9653569881,37.4120115525,4.12898784494,1.10319443421
55.9653873372,37.5161122233,1.1792996601,0.214429140556
55.9693763505,37.1477199158,1.18054036642,0.413196358406
55.9693989755,37.1557283069,1.42729725995,0.826415922378
55.9694842733,37.18776198,1.15564697681,0.450400681845
55.9738444129,37.1396697965,1.65905922437,0.629897453104
55.973867562,37.1476791032,3.7585164716,1.68118601134
55.973890191,37.1556884221,1.90590552627,1.70883216522
55.9739122995,37.1636977524,3.63216344889,2.38891046982
55.9742334959,37.315876823,1.16076229655,0.558247971034
55.974370985,37.5000965947,1.54581061666,0.322765867737
55.9743707186,37.5081063897,1.10303266999,0.343760937227
55.9783119439,37.1316178209,1.85463548314,0.580307039372
55.9783356173,37.1396280444,4.49372269585,1.08691752727
55.9783587705,37.1476382791,4.17860135657,2.33903342939
55.9783814031,37.1556485261,1.44605413067,2.72802666956
55.9784035153,37.1636587844,2.80787745714,2.57568042953
55.9784251072,37.1716690523,4.22183371235,3.30394878036
55.9784461777,37.179679332,1.41354566635,2.23977353658
55.9784667287,37.1876896223,3.59076059332,2.5051980884
55.9784867582,37.1956999224,2.5498929109,0.606488351956
55.9788622769,37.5000966058,3.95054846735,0.667612032145
55.9828031408,37.1315751286,1.862377908,0.64249428447
55.9828268174,37.1395862798,2.90572976972,1.6105624386
55.9828499744,37.1475974424,2.28758840919,2.0995071983
55.9828947268,37.1636198038,1.04667428053,2.69660364753
55.9829163223,37.1716310013,4.20193916638,3.79296829834
55.9829373972,37.1796422094,1.93456111671,3.20020788939
55.9829579509,37.187653427,4.1645683288,2.71232127278
55.9872943338,37.1315324237,1.61544852428,0.489444563135
55.9874075343,37.1715929397,2.82883434427,0.481665225583
55.9874286128,37.1796050753,1.85850553886,0.525494441259
55.9875077208,37.2116537245,1.01703620481,0.531341717387
55.9875261964,37.2196659114,1.59497559429,0.835298111703
55.9875441512,37.227678107,2.48119427872,1.63031054596
55.9919198258,37.1795679315,1.33850371647,0.358002093398
55.9919403873,37.1875810074,1.10202312157,1.21444639648
55.9919799479,37.2036071895,1.01234063162,0.187324698222
55.9919989472,37.2116202961,3.43468041676,2.02941912554
55.9920174259,37.2196334118,1.65244344477,1.23513360354
55.992035383,37.2276465361,2.36575201181,1.01208145646
55.9964315994,37.1875447822,1.63742341389,2.55922892943
55.9964711667,37.2035728224,2.68967091676,2.22295004128
55.9964901692,37.2115868581,2.37898367747,2.16370373938
55.9965086509,37.2196009028,2.18795822863,1.93852582329
55.9965266119,37.2276149564,2.75601130763,1.27782618316
56.0009623825,37.2035384456,3.17165296091,1.93560119113
56.0009813881,37.2115534101,2.25425589041,2.80200980052
56.0058034827,37.4600160864,1.28450644211,0.742063713999
56.0099448057,37.203469662,1.5183233075,1.49007859265
56.0143758398,37.1793820539,1.65472616865,0.330647328382
56.0143964184,37.187399777,1.54448294016,0.414591457556
56.014416476,37.1954175113,2.70542816382,1.80325477243
56.0147883551,37.4680247359,1.01624831286,0.574319086539
56.0147914694,37.4840605948,1.3627573196,0.887385467583
56.0320275234,35.9518757825,4.06351137094,1.08101708541
56.0321278946,35.959894382,1.31665585866,0.552928301386
56.0365171323,35.9516960259,1.77819656507,0.47068116178
56.0634632544,37.0746096004,1.04282603075,0.735906993248
56.1001256792,37.492061013,1.05709720119,0.119892517826
56.1001259343,37.5000969093,1.28856645014,0.00942760517484
56.1046168799,37.4920600886,1.12931506021,0.133066496597
56.1091080771,37.492059164,1.0907820502,0.108471996321
56.1798596875,36.9766943063,1.48074933557,1.35828399185
56.1798935036,36.9847462832,3.22801766481,2.39910699658
56.1799267952,36.992798278,2.74223684353,1.2755527607
56.1799595626,37.0008502891,1.14624815837,1.07999844279
56.1842814258,36.9605274158,1.14785139986,0.435687599146
56.1843844643,36.9846861155,1.126726932,1.65769160301
56.1844177615,36.9927390499,1.57602976593,1.05743560789
56.2159195305,37.0084430774,1.21013433877,0.0328890010469
56.215951292,37.0165026505,1.06788064421,0.026722828473
56.2797703643,37.483950546,1.15400608063,0.275087750427
56.3178128795,36.7323638096,1.18624869682,0.616732694373
56.3179607116,36.7566056824,1.58283259396,0.710547229474
56.3224513749,36.7565184218,1.70570364299,1.1649117756
56.3312344294,36.7240099957,2.32043190645,1.61853748457
56.3312847852,36.7320934151,1.08356128132,0.849205294766
56.3336637546,37.5081823948,2.0857138856,0.330281464052
56.3336574002,37.5405210324,1.27314020298,0.622465068063
56.3426436884,37.5243574366,1.01622970821,1.06774852075
56.3471360371,37.5162727889,1.83666515976,0.664793855195
56.3471347115,37.5243602985,2.27945745817,1.39379347897
56.3471328582,37.5324478071,1.58753632475,2.07460939451
56.3516257322,37.5243631611,1.79518065597,0.849762316821
56.3516238786,37.5324516203,2.45250639393,0.919030993269
56.7283903255,37.1569920008,1.8288667655,1.16847173415
56.7284125352,37.1651610367,1.16626492848,0.648436520708
56.7328582408,37.1487811067,1.10477045521,0.358624735197
56.7328809898,37.1569511052,1.11803769087,0.886078203827
56.7329032034,37.1651211156,1.22529729655,0.951261657018
